{
  "$schema": "https://raw.githubusercontent.com/mspnp/template-building-blocks/master/schemas/buildingBlocks.json",
  "contentVersion": "1.0.0.0",
  "parameters": {
    "buildingBlocks": {
      "value": [
        {
          "type": "VirtualNetwork",
          "settings": [
            {
              "name": "ra-single-linux-vm-vnet",
              "addressPrefixes": [
                "10.0.0.0/16"
              ],
              "subnets": [
                {
                  "name": "web",
                  "addressPrefix": "10.0.1.0/24"
                }
              ]
            }
          ]
        },
        {
          "type": "NetworkSecurityGroup",
          "settings": [
            {
              "name": "ra-single-linux-vm-nsg",
              "securityRules": [
                {
                  "name": "SSH"
                },
                {
                  "name": "HTTP"
                }
              ],
              "virtualNetworks": [
                {
                  "name": "ra-single-linux-vm-vnet",
                  "subnets": [
                    "web"
                  ]
                }
              ]
            }
          ]
        },
        {
          "type": "VirtualMachine",
          "settings": {
            "vmCount": 1,
            "namePrefix": "ra-single-linux",
            "computerNamePrefix": "web",
            "size": "Standard_DS1_v2",
            "adminUsername": "",
            "sshPublicKey":"",
            "virtualNetwork": {
              "name": "ra-single-linux-vm-vnet"
            },
            "nics": [
              {
                "isPublic": true,
                "subnetName": "web"
              }
            ],
            "osType": "linux",
            "dataDisks": {
              "count": 2
            }
          }
        },
        {
          "type": "VirtualMachineExtension",
          "settings": [
            {
              "vms": [
                "ra-single-linux-vm1"
              ],
              "extensions": [
                {
                  "name": "ra-single-linux-vm1-ext",
                  "publisher": "Microsoft.Azure.Extensions",
                  "type": "CustomScript",
                  "typeHandlerVersion": "2.0",
                  "autoUpgradeMinorVersion": true,
                  "settings": {
                    "fileUris": [
                      "https://raw.githubusercontent.com/mspnp/reference-architectures/master/scripts/linux/format-disk.sh",
                      "https://raw.githubusercontent.com/mspnp/reference-architectures/master/scripts/linux/install-apache.sh",
                      "https://raw.githubusercontent.com/mspnp/reference-architectures/master/virtual-machines/single-vm/extensions/linux/single-vm.sh"
                    ]
                  },
                  "protectedSettings": {
                    "commandToExecute": "sh single-vm.sh"
                  }
                }
              ]
            }
          ]
        }
      ]
    }
  }
}