﻿{
  "$schema": "http://schema.management.azure.com/schemas/2015-01-01/deploymentTemplate.json#",
  "contentVersion": "1.0.0.0",
  "parameters": {
    "deploymentContext": { "type": "object" },
    "availabilitySetSettings": { "type": "object" },
    "vmCount": { "type": "int" }
  },
  "variables": {
    "templateUniqueString": "[uniqueString(concat(string(parameters('deploymentContext')), string(parameters('availabilitySetSettings')), parameters('vmCount')))]",
    "index": "[mod(add(sub(parameters('vmCount'), 1), 2), add(sub(parameters('vmCount'), 1), 1))]",
    "avSetTemplate": "[variables('avSetTemplates')[variables('index')]]",
    "avSetTemplates": [
      "[uri(deployment().properties.templateLink.uri, 'availabilitySet-empty.json')]",
      "[uri(deployment().properties.templateLink.uri, 'availabilitySet-new.json')]"
    ],
    "templateNamePart": [
      "nop",
      "new"
    ],
    "deploymentName": "[concat(parameters('deploymentContext').parentTemplateUniqueString, '-', variables('templateNamePart')[variables('index')], '-', variables('templateUniqueString'))]"
  },
  "resources": [
    {
      "type": "Microsoft.Resources/deployments",
      "apiVersion": "2015-01-01",
      "name": "[variables('deploymentName')]",
      "properties": {
        "mode": "Incremental",
        "templateLink": { "uri": "[variables('avSetTemplate')]" },
        "parameters": {
          "availabilitySetSettings": { "value": "[parameters('availabilitySetSettings')]" }
        }
      }
    }
  ],
  "outputs": {
    "availabilitySetName": {
      "value": "[reference(variables('deploymentName')).outputs.availabilitySetName.value]",
      "type": "string"
    }
  }
}
