﻿{
  "$schema": "https://schema.management.azure.com/schemas/2015-01-01/deploymentTemplate.json#",
  "contentVersion": "1.0.0.0",
  "parameters": {
    "deploymentContext": {
      "type": "object",
      "defaultValue": {
        "parentTemplateUniqueString": "singleVM"
      }
    },
    "virtualMachinesSetting": {
      "type": "object",
      "metadata": {
        "description": "Settings for virtual machines."
      }
    }
  },
  "variables": {
    "templateUniqueString": "[uniqueString(concat(string(parameters('deploymentContext')), string(parameters('virtualMachinesSetting'))))]",
    "avSetTemplates": [
      "[uri(deployment().properties.templateLink.uri, 'single-vm-n-nic-no-avset.json')]",
      "[uri(deployment().properties.templateLink.uri, 'single-vm-n-nic-avset.json')]"
    ],
    "templateToInvoke": "[variables('avSetTemplates')[mod(add(length(parameters('virtualMachinesSetting').availabilitySetName), 2), add(length(parameters('virtualMachinesSetting').availabilitySetName), 1))]]",
    "deploymentSuffixes": [
      "noAvSet",
      "inAvSet"
    ],
    "suffixToUse": "[variables('deploymentSuffixes')[mod(add(length(parameters('virtualMachinesSetting').availabilitySetName), 2), add(length(parameters('virtualMachinesSetting').availabilitySetName), 1))]]"
  },
  "resources": [
    {
      "type": "Microsoft.Resources/deployments",
      "apiVersion": "2015-01-01",
      "name": "[concat(parameters('deploymentContext').parentTemplateUniqueString, '-', variables('suffixToUse'), '-', variables('templateUniqueString'))]",
      "properties": {
        "mode": "Incremental",
        "templateLink": { "uri": "[variables('templateToInvoke')]" },
        "parameters": {
          "deploymentContext": {
            "value": {
              "parentTemplateUniqueString": "[concat(variables('templateUniqueString'), '-', variables('suffixToUse'))]"
            }
          },
          "virtualMachinesSetting": { "value": "[parameters('virtualMachinesSetting')]" }
        }
      }
    }
  ]
}