﻿{
  "$schema": "http://schema.management.azure.com/schemas/2015-01-01/deploymentTemplate.json#",
  "contentVersion": "1.0.0.0",
  "parameters": {
    "deploymentContext": { "type": "object" },
    "source": { "type": "object" },
    "context": { "type": "object" },
    "state": {
      "type": "array",
      "defaultValue": [ ]
    },
    "iteration": {
      "type": "int",
      "defaultValue": 0
    }
  },
  "variables": {
    "instance": [
      {
        "name": "[concat('dataDisk', add(parameters('iteration'), 1))]",
        "diskSizeGB": "[parameters('source').diskSizeGB]",
        "lun": "[parameters('iteration')]",
        "vhd": { "uri": "[concat('http://', parameters('context').storageAccounts.vhd, '.blob.core.windows.net/vhds/', parameters('context').vmName, '-dataDisk', add(parameters('iteration'), 1), '.vhd')]" },
        "caching": "[parameters('source').caching]",
        "createOption": "[parameters('source').createOption]"
      }
    ]
  },
  "resources": [
  ],
  "outputs": {
    "collection": {
      "type": "array",
      "value": "[concat(parameters('state'), variables('instance'))]"
    }
  }
}
