﻿{
  "$schema": "http://schema.management.azure.com/schemas/2015-01-01/deploymentTemplate.json#",
  "contentVersion": "1.0.0.0",
  "parameters": {
    "deploymentContext": { "type": "object" },
    "source": { "type": "object" },
    "context": { "type": "object" },
    "state": {
      "type": "array",
      "defaultValue": [ ]
    },
    "iteration": {
      "type": "int",
      "defaultValue": 0
    }
  },
  "variables": {
    "templateUniqueString": "[uniqueString(concat(string(parameters('deploymentContext')), string(parameters('source')), string(parameters('context')), string(parameters('state')), parameters('iteration')))]",
    "nicTemplate": {
      "false": {
        "static": "[uri(deployment().properties.templateLink.uri, 'private-static-nics-settings.json')]",
        "dynamic": "[uri(deployment().properties.templateLink.uri, 'private-dynamic-nics-settings.json')]"
      },
      "true": {
        "static": "[uri(deployment().properties.templateLink.uri, 'public-nic-static-private-settings.json')]",
        "dynamic": "[uri(deployment().properties.templateLink.uri, 'public-nic-dynamic-private-settings.json')]"
      }
    },
    "deploymentName": "[concat(parameters('deploymentContext').parentTemplateUniqueString, '-nicSetting-', variables('templateUniqueString'))]"
  },
  "resources": [
    {
      "type": "Microsoft.Resources/deployments",
      "apiVersion": "2015-01-01",
      "name": "[variables('deploymentName')]",
      "properties": {
        "mode": "Incremental",
        "templateLink": { "uri": "[variables('nicTemplate')[parameters('source').isPublic][parameters('source').privateIPAllocationMethod]]" },
        "parameters": {
          "deploymentContext": {
            "value": {
              "parentTemplateUniqueString": "[concat(variables('templateUniqueString'), '-nicSetting')]"
            }
          },
          "source": { "value": "[parameters('source')]" },
          "context": { "value": "[parameters('context')]" },
          "state": { "value": "[parameters('state')]" },
          "iteration": { "value": "[parameters('iteration')]" }
        }
      }
    }
  ],
  "outputs": {
    "collection": {
      "type": "array",
      "value": "[concat(parameters('state'), reference(variables('deploymentName')).outputs.collection.value)]"
    }
  }
}
