﻿{
  "$schema": "http://schema.management.azure.com/schemas/2015-01-01/deploymentTemplate.json#",
  "contentVersion": "1.0.0.0", 
  "parameters": {
    "source": {
      "type": "object"
    }
  },
  "variables": {
  },
  "resources": [
  ],
  "outputs": {
    "result": {
      "type": "object",
      "value": {
        "adminPassword": null,
        "configuration": {
          "disablePasswordAuthentication": "true",
          "ssh": {
            "publicKeys": [
              {
                "path": "[concat('/home/', parameters('source').adminUsername, '/.ssh/authorized_keys')]",
                "keyData": "[parameters('source').sshPublicKey]"
              }
            ]
          }
        }
      }
    }
  }
}