﻿{
  "$schema": "http://schema.management.azure.com/schemas/2015-01-01/deploymentParameters.json#",
  "contentVersion": "1.0.0.0",
  "parameters": {
    "virtualNetworkSettings": {
      "value": {
        "name": "bb-dev-vnet",
        "addressPrefixes": [ "10.0.0.0/16" ],
        "subnets": [
          {
            "name": "web",
            "addressPrefix": "10.0.1.0/24"
          },
          {
            "name": "biz",
            "addressPrefix": "10.0.2.0/24"
          },
          {
            "name": "data",
            "addressPrefix": "10.0.3.0/24"
          }
        ],
        "dnsServers": [
          "10.0.0.220"
        ]
      }
    }
  }
}
