﻿{
  "$schema": "http://schema.management.azure.com/schemas/2015-01-01/deploymentParameters.json#",
  "contentVersion": "1.0.0.0",
  "parameters": {
    "virtualMachinesExtensionSettings": {
      "value": [
        {
          "vms": [ "ra-adfs-adfs-vm2"],
          "extensions": [
            {
              "name": "install-adfs",
              "publisher": "Microsoft.Compute",
              "type": "CustomScriptExtension",
              "typeHandlerVersion": "1.8",
              "autoUpgradeMinorVersion": false,
              "settingsConfigMapperUri": "https://raw.githubusercontent.com/mspnp/reference-architectures/master/identity/adfs/templates/onpremise/adfs-farm-rest-extension-settings-mapper.json",
              "settingsConfig": {
                "activeDirectorySettings": {
                  "adminUser": "testuser",
                  "adminPassword": "AweS0me@PW",
                  "netBiosDomainName": "CONTOSO",
                  "fqDomainName": "contoso.com",
                  "gmsaName": "adfsgmsa",
                  "federationName": "adfs.contoso.com",
                  "primaryComputerName": "adfs1"
                },
                "fileUris": [
                  "https://raw.githubusercontent.com/mspnp/reference-architectures/master/identity/adfs/extensions/adfs-farm-rest.ps1"
                ]
              },
              "protectedSettingsConfig": {
              }
            }
          ]
        }
      ]
    }
  }
}
