﻿{
  "$schema": "http://schema.management.azure.com/schemas/2015-01-01/deploymentParameters.json#",
  "contentVersion": "1.0.0.0",
  "parameters": {
    "virtualMachinesSettings": {
      "value": {
        "namePrefix": "ra-adtrust-biz",
        "computerNamePrefix": "biz",
        "size": "Standard_DS1_v2",
        "osType": "windows",
        "adminUsername": "testuser",
        "adminPassword": "AweS0me@PW",
        "osAuthenticationType": "password",
        "nics": [
          {
            "isPublic": "false",
            "subnetName": "biz",
            "privateIPAllocationMethod": "Dynamic",
            "isPrimary": "true",
            "enableIPForwarding": false,
            "dnsServers": [ ]
          }
        ],
        "imageReference": {
          "publisher": "MicrosoftWindowsServer",
          "offer": "WindowsServer",
          "sku": "2012-R2-Datacenter",
          "version": "latest"
        },
        "dataDisks": {
          "count": 1,
          "properties": {
            "diskSizeGB": 128,
            "caching": "None",
            "createOption": "Empty"
          }
        },
        "osDisk": {
          "caching": "ReadWrite"
        },
        "extensions": [ ],
        "availabilitySet": {
          "useExistingAvailabilitySet": "No",
          "name": "ra-adtrust-biz-vm-as"
        }
      }
    },
    "loadBalancerSettings": {
      "value": {
        "name": "ra-adtrust-biz-lb",
        "frontendIPConfigurations": [
          {
            "name": "ra-adtrust-biz-lb-fe",
            "loadBalancerType": "internal",
            "internalLoadBalancerSettings": {
              "privateIPAddress": "10.0.2.254",
              "subnetName": "biz"
            }
          }
        ],
        "backendPools": [
          {
            "name": "ra-adtrust-biz-lb-bep",
            "nicIndex": 0
          }
        ],
        "loadBalancingRules": [
          {
            "name": "https-rule",
            "frontendPort": 443,
            "backendPort": 443,
            "protocol": "Tcp",
            "backendPoolName": "ra-adtrust-biz-lb-bep",
            "frontendIPConfigurationName": "ra-adtrust-biz-lb-fe",
            "probeName": "https-probe",
            "enableFloatingIP": false
          }
        ],
        "probes": [
          {
            "name": "https-probe",
            "port": 443,
            "protocol": "Http",
            "requestPath": "/"
          }
        ],
        "inboundNatRules": [ ]
      }
    },
    "virtualNetworkSettings": {
      "value": {
        "name": "ra-adtrust-vnet",
        "resourceGroup": "ra-adtrust-network-rg"
      }
    },
    "buildingBlockSettings": {
      "value": {
        "storageAccountsCount": 2,
        "vmCount": 2,
        "vmStartIndex": 1
      }
    }
  }
}

