﻿{
  "$schema": "http://schema.management.azure.com/schemas/2015-01-01/deploymentParameters.json#",
  "contentVersion": "1.0.0.0",
  "parameters": {
    "virtualMachinesSettings": {
      "value": {
        "namePrefix": "ra-adtrust-mgmt",
        "computerNamePrefix": "jumpbox",
        "size": "Standard_DS1_v2",
        "osType": "windows",
        "adminUsername": "testuser",
        "adminPassword": "AweS0me@PW",
        "osAuthenticationType": "password",
        "nics": [
          {
            "isPublic": "true",
            "subnetName": "mgmt",
            "publicIPAllocationMethod": "Dynamic",
            "privateIPAllocationMethod": "Static",
            "startingIPAddress": "10.0.0.132",
            "enableIPForwarding": false,
            "dnsServers": [ ],
            "isPrimary": "true",
            "domainNameLabelPrefix": ""
          }
        ],
        "imageReference": {
          "publisher": "MicrosoftWindowsServer",
          "offer": "WindowsServer",
          "sku": "2012-R2-Datacenter",
          "version": "latest"
        },
        "dataDisks": {
          "count": 0,
          "properties": { }
        },
        "osDisk": {
          "caching": "ReadWrite"
        },
        "extensions": [ ],
        "availabilitySet": {
          "useExistingAvailabilitySet": "No",
          "name": ""
        }
      }
    },
    "virtualNetworkSettings": {
      "value": {
        "name": "ra-adtrust-vnet",
        "resourceGroup": "ra-adtrust-network-rg"
      }
    },
    "buildingBlockSettings": {
      "value": {
        "storageAccountsCount": 1,
        "vmCount": 1,
        "vmStartIndex": 1
      }
    }
  }
}
