﻿{
  "$schema": "http://schema.management.azure.com/schemas/2015-01-01/deploymentParameters.json#",
  "contentVersion": "1.0.0.0",
  "parameters": {
    "virtualNetworkSettings": {
      "value": {
        "name": "ra-adtrust-vnet",
        "resourceGroup": "ra-adtrust-network-rg"
      }
    },
    "virtualNetworkGatewaySettings": {
      "value": {
        "name": "ra-adtrust-vpn-vgw",
        "gatewayType": "Vpn",
        "vpnType": "RouteBased",
        "sku": "Standard"
      }
    },
    "connectionSettings": {
      "value": {
        "name": "ra-adtrust-vpn-cn",
        "connectionType": "Vnet2Vnet",
        "sharedKey": "123secret",
        "virtualNetworkGateway1": {
          "name": "ra-adtrust-vpn-vgw",
          "resourceGroup": "ra-adtrust-network-rg"
        },
        "virtualNetworkGateway2": {
          "name": "ra-adtrust-onpremise-vpn-vgw",
          "resourceGroup": "ra-adtrust-onpremise-rg"
        }
      }
    }
  }
}
