﻿{
  "$schema": "http://schema.management.azure.com/schemas/2015-01-01/deploymentTemplate.json#",
  "contentVersion": "1.0.0.0",
  "parameters": {
    "deploymentContext": { "type": "object" },
    "context": { "type": "object" }
  },
  "variables": {
    "templateUniqueString": "[uniqueString(concat(string(parameters('deploymentContext')), string(parameters('context'))))]",
    "lbRulesMapperTemplateName": "[concat(parameters('deploymentContext').parentTemplateUniqueString, '-lbRulesParams-', variables('templateUniqueString'))]",
    "lbProbesMapperTemplateName": "[concat(parameters('deploymentContext').parentTemplateUniqueString, '-lbProbesParams-', variables('templateUniqueString'))]",
    "collectorTemplate": "[uri(deployment().properties.templateLink.uri, '../../../resources/common/collector.json')]",

    "loadBalancerType": {
      "yes": "public",
      "no": "internal"
    }
  },
  "resources": [
    {
      "type": "Microsoft.Resources/deployments",
      "apiVersion": "2015-01-01",
      "name": "[variables('lbRulesMapperTemplateName')]",
      "properties": {
        "mode": "Incremental",
        "templateLink": { "uri": "[variables('collectorTemplate')]" },
        "parameters": {
          "deploymentContext": {
            "value": {
              "parentTemplateUniqueString": "[concat(variables('templateUniqueString') , '-lbRulesParams')]"
            }
          },
          "source": { "value": "[parameters('context').dmzSettings.applianceSettings.ports]" },
          "context": { "value": { } },
          "mapperTemplateUri": { "value": "[uri(deployment().properties.templateLink.uri, 'loadBalancerSettings-rules.json')]" }
        }
      }
    },
    {
      "type": "Microsoft.Resources/deployments",
      "apiVersion": "2015-01-01",
      "name": "[variables('lbProbesMapperTemplateName')]",
      "properties": {
        "mode": "Incremental",
        "templateLink": { "uri": "[variables('collectorTemplate')]" },
        "parameters": {
          "deploymentContext": {
            "value": {
              "parentTemplateUniqueString": "[concat(variables('templateUniqueString') , '-lbProbesParams')]"
            }
          },
          "source": { "value": "[parameters('context').dmzSettings.applianceSettings.healthProbes]" },
          "context": { "value": { } },
          "mapperTemplateUri": { "value": "[uri(deployment().properties.templateLink.uri, 'loadBalancerSettings-probes.json')]" }
        }
      }
    }
  ],
  "outputs": {
    "result": {
      "type": "object",
      "value": {
        "name": "[concat(parameters('context').dmzSettings.namePrefix, '-lb')]",
        "frontendIPConfigurations": [
          {
            "name": "nva-lb-fe",
            "loadBalancerType": "[variables('loadBalancerType')[tolower(parameters('context').dmzSettings.endpoint.hasPublicEndpoint)]]",
            "domainNameLabel": "[parameters('context').dmzSettings.endpoint.domainNameLabel]",
            "internalLoadBalancerSettings": "[parameters('context').dmzSettings.endpoint.internalLoadBalancerSettings]"
          }
        ],
        "loadBalancingRules": "[reference(variables('lbRulesMapperTemplateName')).outputs.result.value]",
        "probes": "[reference(variables('lbProbesMapperTemplateName')).outputs.result.value]",
        "backendPools": [
          {
            "name": "nva-lb-Bep",
            "nicIndex": 0
          }
        ],
        "inboundNatRules": [ ]
      }
    }
  }
}
