﻿{
  "$schema": "http://schema.management.azure.com/schemas/2015-01-01/deploymentTemplate.json#",
  "contentVersion": "1.0.0.0",
  "parameters": {
    "deploymentContext": { "type": "object" },
    "context": { "type": "object" }
  },
  "variables": {
    "templateUniqueString": "[uniqueString(concat(string(parameters('deploymentContext')), string(parameters('context'))))]",
    "routeMapperTemplate": "[concat(parameters('deploymentContext').parentTemplateUniqueString, '-rtParams-', variables('templateUniqueString'))]",
    "collectorTemplate": "[uri(deployment().properties.templateLink.uri, '../../../resources/common/collector.json')]"
  },
  "resources": [
    {
      "type": "Microsoft.Resources/deployments",
      "apiVersion": "2015-01-01",
      "name": "[variables('routeMapperTemplate')]",
      "properties": {
        "mode": "Incremental",
        "templateLink": { "uri": "[variables('collectorTemplate')]" },
        "parameters": {
          "deploymentContext": {
            "value": {
              "parentTemplateUniqueString": "[concat(variables('templateUniqueString') , '-rtParams')]"
            }
          },
          "source": { "value": "[parameters('context').dmzSettings.securedAddressSpace]" },
          "context": {
            "value": {
              "loadBalancerIPAddress": "[parameters('context').dmzSettings.endpoint.internalLoadBalancerSettings.privateIPAddress]"
            }
          },
          "mapperTemplateUri": { "value": "[uri(deployment().properties.templateLink.uri, 'routeTableSettings-routes.json')]" }
        }
      }
    }
  ],
  "outputs": {
    "result": {
      "type": "array",
      "value": [
        {
          "name": "[concat(parameters('context').dmzSettings.namePrefix, '-rt1')]",
          "subnets": [
            "GatewaySubnet"
          ],
          "routes": "[reference(variables('routeMapperTemplate')).outputs.result.value]"
        }
      ]
    }
  }
}
