﻿{
  "$schema": "http://schema.management.azure.com/schemas/2015-01-01/deploymentTemplate.json#",
  "contentVersion": "1.0.0.0",
  "parameters": {
    "deploymentContext": { "type": "object" },
    "source": { "type": "object" },
    "context": { "type": "object" },
    "state": {
      "type": "array",
      "defaultValue": [ ]
    },
    "iteration": {
      "type": "int",
      "defaultValue": 0
    }
  },
  "variables": {
    "templateUniqueString": "[uniqueString(concat(string(parameters('deploymentContext')), string(parameters('source')), string(parameters('context')), string(parameters('state')), parameters('iteration')))]",
    "location": "[resourceGroup().location]",
    "mapperTemplates": {
      "VirtualNetworkGateway": "[uri(deployment().properties.templateLink.uri, 'rt-routes-no-next-hop-ip-address.json')]",
      "VnetLocal": "[uri(deployment().properties.templateLink.uri, 'rt-routes-no-next-hop-ip-address.json')]",
      "Internet": "[uri(deployment().properties.templateLink.uri, 'rt-routes-no-next-hop-ip-address.json')]",
      "HyperNetGateway": "[uri(deployment().properties.templateLink.uri, 'rt-routes-no-next-hop-ip-address.json')]",
      "None": "[uri(deployment().properties.templateLink.uri, 'rt-routes-no-next-hop-ip-address.json')]",
      "VirtualAppliance": "[uri(deployment().properties.templateLink.uri, 'rt-routes-with-next-hop-ip-address.json')]"
    },
    "routeTableMapperTemplateName": "[concat(parameters('deploymentContext').parentTemplateUniqueString, '-route', parameters('iteration'), '-', variables('templateUniqueString'))]"
  },
  "resources": [
    {
      "type": "Microsoft.Resources/deployments",
      "apiVersion": "2015-01-01",
      "name": "[variables('routeTableMapperTemplateName')]",
      "properties": {
        "mode": "Incremental",
        "templateLink": {
          "uri": "[variables('mapperTemplates')[parameters('source').nextHopType]]"
        },
        "parameters": {
          "source": {
            "value": "[parameters('source')]"
          },
          "context": {
            "value": "[parameters('context')]"
          },
          "state": {
            "value": "[parameters('state')]"
          }
        }
      }
    }
  ],
  "outputs": {
    "collection": {
      "type": "array",
      "value": "[concat(parameters('state'), reference(variables('routeTableMapperTemplateName')).outputs.collection.value)]"
    }
  }
}
