﻿{
    "$schema": "http://schema.management.azure.com/schemas/2015-01-01/deploymentParameters.json#",
    "contentVersion": "1.0.0.0",
  "parameters": {
    "virtualNetworkSettings": {
      "value": {
        "name": "ra-ntier-sql-vnet",
        "resourceGroup": "ra-ntier-sql-network-rg"
      }
    },
    "networkSecurityGroupsSettings": {
      "value": [
        {
          "name": "ra-ntier-sql-ad-nsg",
          "subnets": [
            "ad"
          ],
          "networkInterfaces": [
          ],
          "securityRules": [
          ]
        },
        {
          "name": "ra-ntier-sql-nsg",
          "subnets": [
            "sql"
          ],
          "networkInterfaces": [
          ],
          "securityRules": [
            {
              "name": "allow-traffic-from-biz",
              "description": "Allow traffic originating from Business tier.",
              "protocol": "*",
              "sourcePortRange": "*",
              "destinationPortRange": "1433",
              "sourceAddressPrefix": "10.0.2.0/24",
              "destinationAddressPrefix": "*",
              "access": "Allow",
              "priority": 100,
              "direction": "Inbound"
            },
            {
              "name": "allow-mgmt-rdp",
              "direction": "Inbound",
              "priority": 110,
              "sourceAddressPrefix": "10.0.0.128/25",
              "destinationAddressPrefix": "*",
              "sourcePortRange": "*",
              "destinationPortRange": "3389",
              "access": "Allow",
              "protocol": "Tcp"
            },
            {
              "name": "deny-other-traffic",
              "description": "Deny all other traffic",
              "protocol": "*",
              "sourcePortRange": "*",
              "destinationPortRange": "*",
              "sourceAddressPrefix": "*",
              "destinationAddressPrefix": "*",
              "access": "Deny",
              "priority": 120,
              "direction": "Inbound"
            }
          ]
        },
        {
          "name": "ra-ntier-sql-svca-nsg",
          "subnets": [
            "biz"
          ],
          "networkInterfaces": [
          ],
          "securityRules": [
            {
              "name": "allow-web-tier-traffic",
              "description": "Allow web traffic originating from Web Tier.",
              "protocol": "*",
              "sourcePortRange": "*",
              "destinationPortRange": "80",
              "sourceAddressPrefix": "10.0.1.0/24",
              "destinationAddressPrefix": "*",
              "access": "Allow",
              "priority": 100,
              "direction": "Inbound"
            },
            {
              "name": "allow-mgmt-rdp",
              "direction": "Inbound",
              "priority": 110,
              "sourceAddressPrefix": "10.0.0.128/25",
              "destinationAddressPrefix": "*",
              "sourcePortRange": "*",
              "destinationPortRange": "3389",
              "access": "Allow",
              "protocol": "Tcp"
            },
            {
              "name": "deny-other-traffic",
              "description": "Deny all other traffic",
              "protocol": "*",
              "sourcePortRange": "*",
              "destinationPortRange": "*",
              "sourceAddressPrefix": "*",
              "destinationAddressPrefix": "*",
              "access": "Deny",
              "priority": 120,
              "direction": "Inbound"
            }
          ]
        },
        {
          "name": "ra-ntier-sql-svcb-nsg",
          "subnets": [
            "web"
          ],
          "networkInterfaces": [
          ],
          "securityRules": [
            {
              "name": "allow-web-traffic-from-external",
              "description": "Allow web traffic originating externally.",
              "protocol": "*",
              "sourcePortRange": "*",
              "destinationPortRange": "80",
              "sourceAddressPrefix": "*",
              "destinationAddressPrefix": "*",
              "access": "Allow",
              "priority": 100,
              "direction": "Inbound"
            },
            {
              "name": "allow-web-traffic-from-vnet",
              "description": "Allow web traffic originating from vnet.",
              "protocol": "*",
              "sourcePortRange": "*",
              "destinationPortRange": "80",
              "sourceAddressPrefix": "10.0.0.0/16",
              "destinationAddressPrefix": "*",
              "access": "Allow",
              "priority": 110,
              "direction": "Inbound"
            },
            {
              "name": "allow-mgmt-rdp",
              "direction": "Inbound",
              "priority": 120,
              "sourceAddressPrefix": "10.0.0.128/25",
              "destinationAddressPrefix": "*",
              "sourcePortRange": "*",
              "destinationPortRange": "3389",
              "access": "Allow",
              "protocol": "Tcp"
            },
            {
              "name": "deny-other-traffic",
              "description": "Deny all other traffic",
              "protocol": "*",
              "sourcePortRange": "*",
              "destinationPortRange": "*",
              "sourceAddressPrefix": "*",
              "destinationAddressPrefix": "*",
              "access": "Deny",
              "priority": 130,
              "direction": "Inbound"
            }
          ]
        },
        {
          "name": "ra-ntier-sql-mgmt-nsg",
          "subnets": [ ],
          "networkInterfaces": [
            "ra-ntier-sql-jb-vm1-nic1"
          ],
          "securityRules": [
            {
              "name": "default-allow-rdp",
              "description": "Allow RDP Subnet",
              "protocol": "Tcp",
              "sourcePortRange": "*",
              "destinationPortRange": "3389",
              "sourceAddressPrefix": "*",
              "destinationAddressPrefix": "*",
              "access": "Allow",
              "priority": 100,
              "direction": "Inbound"
            },
            {
              "name": "deny-other-traffic",
              "description": "Deny all other traffic",
              "protocol": "*",
              "sourcePortRange": "*",
              "destinationPortRange": "*",
              "sourceAddressPrefix": "*",
              "destinationAddressPrefix": "*",
              "access": "Deny",
              "priority": 120,
              "direction": "Inbound"
            }
          ]
        }
      ]
    }
  }
}
