﻿{
  "$schema": "http://schema.management.azure.com/schemas/2015-01-01/deploymentParameters.json#",
  "contentVersion": "1.0.0.0",
  "parameters": {
    "loadBalancerSettings": {
      "value": {
        "name": "ra-ntier-sql-lb",
        "frontendIPConfigurations": [
          {
            "name": "ra-ntier-sql-lbfe1",
            "loadBalancerType": "internal",
            "domainNameLabel": "",
            "internalLoadBalancerSettings": {
              "privateIPAddress": "10.0.3.100",
              "subnetName": "sql"
            }
          }
        ],
        "loadBalancingRules": [
          {
            "name": "SQLAlwaysOnEndPointListener",
            "frontendPort": 1433,
            "backendPort": 1433,
            "protocol": "Tcp",
            "backendPoolName": "ra-ntier-sql-lb-bep1",
            "frontendIPConfigurationName": "ra-ntier-sql-lbfe1",
            "enableFloatingIP": true,
            "probeName": "ra-ntier-sql-lbp1"
          }
        ],
        "probes": [
          {
            "name": "ra-ntier-sql-lbp1",
            "port": 59999,
            "protocol": "Tcp",
            "requestPath": null
          }
        ],
        "backendPools": [
          {
            "name": "ra-ntier-sql-lb-bep1",
            "nicIndex": 0
          }
        ],
        "inboundNatRules": [ ]
      }
    },
    "virtualMachinesSettings": {
      "value": {
        "namePrefix": "ra-ntier-sql",
        "computerNamePrefix": "sql",
        "size": "Standard_DS1_v2",
        "osType": "windows",
        "adminUsername": "testuser",
        "adminPassword": "AweS0me@PW",
        "sshPublicKey": "",
        "osAuthenticationType": "password",
        "nics": [
          {
            "isPublic": "false",
            "isPrimary": "true",
            "subnetName": "sql",
            "privateIPAllocationMethod": "Dynamic",
            "enableIPForwarding": false,
            "domainNameLabelPrefix": "",
            "dnsServers": [
              "10.0.4.4",
              "10.0.4.5"
            ]
          }
        ],
        "imageReference": {
          "publisher": "MicrosoftSQLServer",
          "offer": "SQL2014SP2-WS2012R2",
          "sku": "Enterprise",
          "version": "latest"
        },
        "dataDisks": {
          "count": 2,
          "properties": {
            "diskSizeGB": 1000,
            "caching": "ReadOnly",
            "createOption": "Empty"
          }
        },
        "osDisk": {
          "caching": "ReadWrite"
        },
        "extensions": [
          {
            "name": "join-ad-domain",
            "publisher": "Microsoft.Compute",
            "type": "JsonADDomainExtension",
            "typeHandlerVersion": "1.3",
            "autoUpgradeMinorVersion": true,
            "settingsConfigMapperUri": "https://raw.githubusercontent.com/mspnp/template-building-blocks/v1.0.0/templates/resources/Microsoft.Compute/virtualMachines/extensions/vm-extension-passthrough-settings-mapper.json",
            "settingsConfig": {
              "Name": "contoso.com",
              "OUPath": "",
              "User": "contoso.com\\testuser",
              "Restart": true,
              "Options": 3
            },
            "protectedSettingsConfig": {
              "Password": "AweS0me@PW"
            }
          }
        ],
        "availabilitySet": {
          "useExistingAvailabilitySet": "No",
          "name": "sql-as"
        }
      }
    },
    "virtualNetworkSettings": {
      "value": {
        "name": "ra-ntier-sql-vnet",
        "resourceGroup": "ra-ntier-sql-network-rg"
      }
    },
    "buildingBlockSettings": {
      "value": {
        "storageAccountsCount": 2,
        "vmCount": 2,
        "vmStartIndex": 1
      }
    }
  }
}

