﻿{
  "$schema": "http://schema.management.azure.com/schemas/2015-01-01/deploymentTemplate.json#",
  "contentVersion": "1.0.0.0",
  "parameters": {
    "deploymentContext": { "type": "object" },
    "name": { "type": "string" },
    "domainNameLabel": { "type": "string" },
    "publicIPAllocationMethod": { "type": "string" }
  },
  "variables": {

  },
  "resources": [
    {
      "type": "Microsoft.Network/publicIPAddresses",
      "apiVersion": "2016-03-30",
      "location": "[resourceGroup().location]",
      "name": "[parameters('name')]",
      "properties": {
        "publicIPAllocationMethod": "[parameters('publicIPAllocationMethod')]",
        "dnsSettings": {
          "domainNameLabel": "[parameters('domainNameLabel')]"
        }
      }
    }
  ],
  "outputs": {

  }
}
