﻿{
  "$schema": "http://schema.management.azure.com/schemas/2015-01-01/deploymentTemplate.json#",
  "contentVersion": "1.0.0.0",
  "parameters": {
    "deploymentContext": { "type": "object" },
    "connectionSettings": {
      "type": "object"
    }
  },
  "variables": {
    "templateUniqueString": "[uniqueString(concat(string(parameters('deploymentContext')), string(parameters('connectionSettings'))))]",
    "templates": {
      "IPsec": "connection-IPsec.json",
      "Vnet2Vnet": "connection-Vnet2Vnet.json",
      "ExpressRoute": "connection-ExpressRoute.json"
    },
    "connectionTemplate": "[uri(deployment().properties.templateLink.uri, variables('templates')[parameters('connectionSettings').connectionType])]",
    "deploymentName": "[concat(parameters('deploymentContext').parentTemplateUniqueString, '-connSettings-', variables('templateUniqueString'))]"
  },
  "resources": [
    {
      "type": "Microsoft.Resources/deployments",
      "apiVersion": "2015-01-01",
      "name": "[variables('deploymentName')]",
      "properties": {
        "mode": "Incremental",
        "templateLink": {
          "uri": "[variables('connectionTemplate')]"
        },
        "parameters": {
          "connectionSettings": {
            "value": "[parameters('connectionSettings')]"
          }
        }
      }
    },
    {
      "apiVersion": "2016-03-30",
      "name": "[parameters('connectionSettings').name]",
      "type": "Microsoft.Network/connections",
      "location": "[resourceGroup().location]",
      "properties": "[reference(variables('deploymentName')).outputs.properties.value]"
    }
  ],
  "outputs": {
  }
}