﻿{
  "$schema": "http://schema.management.azure.com/schemas/2015-01-01/deploymentTemplate.json#",
  "contentVersion": "1.0.0.0",
  "parameters": {
    "connectionSettings": {
      "type": "object"
    }
  },
  "variables": {
  },
  "resources": [
    {
      "apiVersion": "2016-03-30",
      "type": "Microsoft.Network/localNetworkGateways",
      "name": "[parameters('connectionSettings').localNetworkGateway.name]",
      "location": "[resourceGroup().location]",
      "properties": {
        "localNetworkAddressSpace": {
          "addressPrefixes": "[parameters('connectionSettings').localNetworkGateway.addressPrefixes]"
        },
        "gatewayIpAddress": "[parameters('connectionSettings').localNetworkGateway.ipAddress]"
      }
    }
  ],
  "outputs": {
    "properties": {
      "type": "object",
      "value": {
        "connectionType": "IPsec",
        "routingWeight": 10,
        "sharedKey": "[parameters('connectionSettings').sharedKey]",
        "virtualNetworkGateway1": {
          "id": "[resourceId('Microsoft.Network/virtualNetworkGateways', parameters('connectionSettings').virtualNetworkGateway1.name)]"
        },
        "localNetworkGateway2": {
          "id": "[resourceId('Microsoft.Network/localNetworkGateways', parameters('connectionSettings').localNetworkGateway.name)]"
        }
      }
    }
  }
}
