﻿{
  "$schema": "http://schema.management.azure.com/schemas/2015-01-01/deploymentTemplate.json#",
  "contentVersion": "1.0.0.0",
  "parameters": {
    "connectionSettings": {
      "type": "object"
    }
  },
  "variables": {
  },
  "resources": [ ],
  "outputs": {
    "properties": {
      "type": "object",
      "value": {
        "connectionType": "ExpressRoute",
        "routingWeight": 10,
        "virtualNetworkGateway1": {
          "id": "[resourceId(parameters('connectionSettings').virtualNetworkGateway1.resourceGroup, 'Microsoft.Network/virtualNetworkGateways', parameters('connectionSettings').virtualNetworkGateway1.name)]"
        },
        "peer": {
          "id": "[resourceId(parameters('connectionSettings').expressRouteCircuit.resourceGroup, 'Microsoft.Network/expressRouteCircuits', parameters('connectionSettings').expressRouteCircuit.name)]"
        }
      }
    }
  }
}
