﻿{
  "$schema": "https://schema.management.azure.com/schemas/2015-01-01/deploymentTemplate.json#",
  "contentVersion": "1.0.0.0",
  "parameters": {
    "buildingBlocksRootUri": {
      "type": "string",
      "defaultValue": "https://raw.githubusercontent.com/mspnp/template-building-blocks/v1.0.0/",
      "metadata": {
        "description": "Root path for templates"
      }
    },
    "parameterRootUri": {
      "type": "string",
      "defaultValue": "https://raw.githubusercontent.com/mspnp/reference-architectures/master/dmz/secure-vnet-dmz/parameters/",
      "metadata": {
        "decription": "Root path for parameters"
      }
    }
  },
  "variables": {
    "templates": {
      "deployment": {
        "loadBalancer": "[concat(parameters('buildingBlocksRootUri'), 'templates/buildingBlocks/loadBalancer-backend-n-vm/azuredeploy.json')]"
      },
      "parameter": {
        "webSubnetLoadBalancerAndVMs": "[concat(parameters('parameterRootUri'), 'loadBalancer-web-subnet.parameters.json')]",
        "bizSubnetLoadBalancerAndVMs": "[concat(parameters('parameterRootUri'), 'loadBalancer-biz-subnet.parameters.json')]",
        "dataSubnetLoadBalancerAndVMs": "[concat(parameters('parameterRootUri'), 'loadBalancer-data-subnet.parameters.json')]"
      }
    }
  },
  "resources": [
    {
      "type": "Microsoft.Resources/deployments",
      "apiVersion": "2015-01-01",
      "name": "ra-web-lb-vms-deployment",
      "properties": {
        "mode": "Incremental",
        "templateLink": {
          "uri": "[variables('templates').deployment.loadBalancer]"
        },
        "parametersLink": {
          "uri": "[variables('templates').parameter.webSubnetLoadBalancerAndVMs]"
        }
      }
    },
    {
      "type": "Microsoft.Resources/deployments",
      "apiVersion": "2015-01-01",
      "name": "ra-biz-lb-vms-deployment",
      "properties": {
        "mode": "Incremental",
        "templateLink": {
          "uri": "[variables('templates').deployment.loadBalancer]"
        },
        "parametersLink": {
          "uri": "[variables('templates').parameter.bizSubnetLoadBalancerAndVMs]"
        }
      }
    },
    {
      "type": "Microsoft.Resources/deployments",
      "apiVersion": "2015-01-01",
      "name": "ra-data-lb-vms-deployment",
      "properties": {
        "mode": "Incremental",
        "templateLink": {
          "uri": "[variables('templates').deployment.loadBalancer]"
        },
        "parametersLink": {
          "uri": "[variables('templates').parameter.dataSubnetLoadBalancerAndVMs]"
        }
      }
    }
  ],
  "outputs": {
  }
}

