﻿{
    "$schema": "http://schema.management.azure.com/schemas/2015-01-01/deploymentParameters.json#",
    "contentVersion": "1.0.0.0",
  "parameters": {
    "virtualNetworkSettings": {
      "value": {
        "name": "ra-ntier-vnet",
        "resourceGroup": "ra-ntier-cassandra-rg"
	}
    },
    "networkSecurityGroupsSettings": {
      "value": [
        {
          "name": "ra-ntier-biz-nsg",
          "subnets": [
            "biz"
          ],
          "networkInterfaces": [
          ],
          "securityRules": [
            {
              "name": "allow-web-traffic",
              "description": "Allow traffic originating from web layer.",
              "protocol": "*",
              "sourcePortRange": "*",
              "destinationPortRange": "80",
              "sourceAddressPrefix": "10.0.1.0/24",
              "destinationAddressPrefix": "*",
              "access": "Allow",
              "priority": 100,
              "direction": "Inbound"
            },
            {
              "name": "allow-mgmt-ssh",
              "direction": "Inbound",
              "priority": 110,
              "sourceAddressPrefix": "10.0.0.128/25",
              "destinationAddressPrefix": "*",
              "sourcePortRange": "*",
              "destinationPortRange": "22",
              "access": "Allow",
              "protocol": "Tcp"
            },
            {
              "name": "deny-other-traffic",
              "description": "Deny all other traffic",
              "protocol": "*",
              "sourcePortRange": "*",
              "destinationPortRange": "*",
              "sourceAddressPrefix": "*",
              "destinationAddressPrefix": "*",
              "access": "Deny",
              "priority": 120,
              "direction": "Inbound"
            }
          ]
        },
        {
          "name": "ra-ntier-web-nsg",
          "subnets": [
            "web"
          ],
          "networkInterfaces": [
          ],
          "securityRules": [
            {
              "name": "allow-web-traffic-from-external",
              "description": "Allow web traffic originating externally.",
              "protocol": "*",
              "sourcePortRange": "*",
              "destinationPortRange": "80",
              "sourceAddressPrefix": "*",
              "destinationAddressPrefix": "*",
              "access": "Allow",
              "priority": 100,
              "direction": "Inbound"
            },
            {
              "name": "allow-web-traffic-from-vnet",
              "description": "Allow web traffic originating from vnet.",
              "protocol": "*",
              "sourcePortRange": "*",
              "destinationPortRange": "80",
              "sourceAddressPrefix": "10.0.0.0/16",
              "destinationAddressPrefix": "*",
              "access": "Allow",
              "priority": 110,
              "direction": "Inbound"
            },
            {
              "name": "allow-mgmt-ssh",
              "direction": "Inbound",
              "priority": 120,
              "sourceAddressPrefix": "10.0.0.128/25",
              "destinationAddressPrefix": "*",
              "sourcePortRange": "*",
              "destinationPortRange": "22",
              "access": "Allow",
              "protocol": "Tcp"
            },
            {
              "name": "deny-other-traffic",
              "description": "Deny all other traffic",
              "protocol": "*",
              "sourcePortRange": "*",
              "destinationPortRange": "*",
              "sourceAddressPrefix": "*",
              "destinationAddressPrefix": "*",
              "access": "Deny",
              "priority": 130,
              "direction": "Inbound"
            }
          ]
        },
        {
          "name": "ra-ntier-mgmt-jb-nsg",
          "subnets": [ ],
          "networkInterfaces": [
            "ra-ntier-mgmt-vm1-nic1"
          ],
          "securityRules": [
            {
              "name": "default-allow-ssh",
              "direction": "Inbound",
              "priority": 100,
              "sourceAddressPrefix": "*",
              "destinationAddressPrefix": "*",
              "sourcePortRange": "*",
              "destinationPortRange": "22",
              "access": "Allow",
              "protocol": "Tcp"
            },
            {
              "name": "deny-other-traffic",
              "description": "Deny all other traffic",
              "protocol": "*",
              "sourcePortRange": "*",
              "destinationPortRange": "*",
              "sourceAddressPrefix": "*",
              "destinationAddressPrefix": "*",
              "access": "Deny",
              "priority": 120,
              "direction": "Inbound"
            }
          ]
        },
        {
          "name": "ra-ntier-mgmt-ops-nsg",
          "subnets": [ ],
          "networkInterfaces": [
            "ra-ntier-ops-vm1-nic1"
          ],
          "securityRules": [
            {
              "name": "allow-mgmt-ssh",
              "direction": "Inbound",
              "priority": 100,
              "sourceAddressPrefix": "10.0.0.128/25",
              "destinationAddressPrefix": "*",
              "sourcePortRange": "*",
              "destinationPortRange": "22",
              "access": "Allow",
              "protocol": "Tcp"
            },
            {
              "name": "allow-http",
              "protocol": "*",
              "sourcePortRange": "*",
              "destinationPortRange": "8888",
              "sourceAddressPrefix": "*",
              "destinationAddressPrefix": "*",
              "access": "Allow",
              "priority": 110,
              "direction": "Inbound"
            },
            {
              "name": "deny-other-traffic",
              "description": "Deny all other traffic",
              "protocol": "*",
              "sourcePortRange": "*",
              "destinationPortRange": "*",
              "sourceAddressPrefix": "*",
              "destinationAddressPrefix": "*",
              "access": "Deny",
              "priority": 120,
              "direction": "Inbound"
            }
          ]
        },
        {
          "name": "ra-ntier-data-nsg",
          "subnets": [
            "data"
          ],
          "networkInterfaces": [
          ],
          "securityRules": [
            {
              "name": "allow-mgmt-ssh",
              "direction": "Inbound",
              "priority": 100,
              "sourceAddressPrefix": "10.0.0.128/25",
              "destinationAddressPrefix": "*",
              "sourcePortRange": "*",
              "destinationPortRange": "22",
              "access": "Allow",
              "protocol": "Tcp"
            },            
            {
              "name": "allow-ops-center-http",
              "protocol": "*",
              "sourcePortRange": "*",
              "destinationPortRange": "8888-65535",
              "sourceAddressPrefix": "*",
              "destinationAddressPrefix": "*",
              "access": "Allow",
              "priority": 110,
              "direction": "Inbound"
            },
            {
              "name": "allow-native",
              "protocol": "TCP",
              "sourcePortRange": "*",
              "destinationPortRange": "9042",
              "sourceAddressPrefix": "*",
              "destinationAddressPrefix": "*",
              "access": "Allow",
              "priority": 120,
              "direction": "Inbound"
            },
            {
              "name": "allow-jmx",
              "protocol": "TCP",
              "sourcePortRange": "*",
              "destinationPortRange": "7199",
              "sourceAddressPrefix": "*",
              "destinationAddressPrefix": "*",
              "access": "Allow",
              "priority": 130,
              "direction": "Inbound"
            }
          ]
        }        
      ]
    }
  }
}
