﻿{
  "$schema": "http://schema.management.azure.com/schemas/2015-01-01/deploymentTemplate.json#",
  "contentVersion": "1.0.0.0",
  "parameters": {
    "deploymentContext": {
      "type": "object",
      "defaultValue": {
        "parentTemplateUniqueString": "bbExt"
      }
    },
    "virtualMachinesExtensionSettings": {
      "type": "array",
      "metadata": {
        "description": "Settings for virtual machine extensions"
      }
    }
  },
  "variables": {
    "templateUniqueString": "[uniqueString(concat(string(parameters('deploymentContext')), string(parameters('virtualMachinesExtensionSettings'))))]",
    "extTemplate": "[uri(deployment().properties.templateLink.uri, '../../resources/Microsoft.Compute/virtualMachines/extensions/virtualMachines-extensions.json')]"
  },
  "resources": [
    {
      "type": "Microsoft.Resources/deployments",
      "apiVersion": "2015-01-01",
      "name": "[concat(parameters('deploymentContext').parentTemplateUniqueString, '-OnVMSet', copyIndex(), '-', variables('templateUniqueString'))]",
      "copy": {
        "name": "vmSetIterator",
        "count": "[length(parameters('virtualMachinesExtensionSettings'))]"
      },
      "properties": {
        "mode": "Incremental",
        "templateLink": {
          "uri": "[variables('extTemplate')]"
        },
        "parameters": {
          "deploymentContext": {
            "value": {
              "parentTemplateUniqueString": "[concat(variables('templateUniqueString'), '-OnVMSet', copyIndex())]"
            }
          },
          "virtualMachinesExtensionSettings": {
            "value": "[parameters('virtualMachinesExtensionSettings')[copyIndex()]]"
          }
        }
      }
    }
  ],
  "outputs": {

  }
}
