﻿{
  "$schema": "http://schema.management.azure.com/schemas/2015-01-01/deploymentTemplate.json#",
  "contentVersion": "1.0.0.0",
  "parameters": {
    "deploymentContext": { "type": "object" },
    "virtualNetworkSettings": {
      "type": "object"
    },
    "virtualNetworkGatewaySettings": {
      "type": "object"
    }
  },
  "variables": {
    "templateUniqueString": "[uniqueString(concat(string(parameters('deploymentContext')), string(parameters('virtualNetworkSettings')), string(parameters('virtualNetworkGatewaySettings'))))]",
    "publicIPAddressName": "[concat(parameters('virtualNetworkGatewaySettings').name, '-pip')]",
    "deploymentName": "[concat(parameters('deploymentContext').parentTemplateUniqueString, '-pip-', variables('templateUniqueString'))]",
    "pipTemplate": "[uri(deployment().properties.templateLink.uri, '../publicIPAddresses/publicIPAddress.json')]"

  },
  "resources": [
    {
      "type": "Microsoft.Resources/deployments",
      "apiVersion": "2015-01-01",
      "name": "[variables('deploymentName')]",
      "properties": {
        "mode": "Incremental",
        "templateLink": { "uri": "[variables('pipTemplate')]" },
        "parameters": {
          "deploymentContext": {
            "value": {
              "parentTemplateUniqueString": "[concat(variables('templateUniqueString') , '-pip')]"
            }
          },
          "name": { "value": "[variables('publicIPAddressName')]" },
          "publicIPAllocationMethod": { "value": "Dynamic" },
          "domainNameLabel": { "value": "" }
        }
      }
    },
    {
      "apiVersion": "2016-03-30",
      "type": "Microsoft.Network/virtualNetworkGateways",
      "name": "[parameters('virtualNetworkGatewaySettings').name]",
      "location": "[resourceGroup().location]",
      "dependsOn": [
        "[variables('deploymentName')]"
      ],
      "properties": {
        "ipConfigurations": [
          {
            "name": "[concat(parameters('virtualNetworkGatewaySettings').name, '-ipconfig')]",
            "properties": {
              "privateIPAllocationMethod": "Dynamic",
              "subnet": {
                "id": "[resourceId(parameters('virtualNetworkSettings').resourceGroup, 'Microsoft.Network/virtualNetworks/subnets', parameters('virtualNetworkSettings').name, 'GatewaySubnet')]"
              },
              "publicIPAddress": {
                "id": "[resourceId('Microsoft.Network/publicIPAddresses', variables('publicIPAddressName'))]"
              }
            }
          }
        ],
        "gatewayType": "[parameters('virtualNetworkGatewaySettings').gatewayType]",
        "vpnType": "[parameters('virtualNetworkGatewaySettings').vpnType]",
        "enableBgp": "false",
        "sku": {
          "name": "[parameters('virtualNetworkGatewaySettings').sku]",
          "tier": "[parameters('virtualNetworkGatewaySettings').sku]"
        }
      }
    }
  ],
  "outputs": {
  }
}
