﻿{
  "$schema": "http://schema.management.azure.com/schemas/2015-01-01/deploymentTemplate.json#",
  "contentVersion": "1.0.0.0",
  "parameters": {
    "templateRootUri": {
      "type": "string",
      "defaultValue": "https://raw.githubusercontent.com/mspnp/template-building-blocks/v1.0.0/",
      "metadata": {
        "description": "Root path for templates"
      }
    },
    "parameterRootUri": {
      "type": "string",
      "defaultValue": "https://raw.githubusercontent.com/mspnp/reference-architectures/master/virtual-machines/n-tier-windows/parameters/",
      "metadata": {
        "decription": "Root path for parameters"
      }
    }
  },
  "variables": {
    "templates": {
      "deployment": {
        "networkSecurityGroup": "[concat(parameters('templateRootUri'), 'templates/buildingBlocks/networkSecurityGroups/azuredeploy.json')]"
      },
      "parameter": {
        "networkSecurityGroup": "[concat(parameters('parameterRootUri'), 'networkSecurityGroups.parameters.json')]"
      }
    }
  },
  "resources": [
    {
      "type": "Microsoft.Resources/deployments",
      "apiVersion": "2015-01-01",
      "name": "ra-ntier-sql-nsg-deployment",
      "properties": {
        "mode": "Incremental",
        "templateLink": {
          "uri": "[variables('templates').deployment.networkSecurityGroup]"
        },
        "parametersLink": {
          "uri": "[variables('templates').parameter.networkSecurityGroup]",
          "contentVersion": "1.0.0.0"
        }
      }
    }
  ]
}

