﻿{
  "$schema": "http://schema.management.azure.com/schemas/2015-01-01/deploymentTemplate.json#",
  "contentVersion": "1.0.0.0",
  "parameters": {
    "deploymentContext": { "type": "object" },
    "source": { "type": "array" },
    "context": { "type": "object" }
  },
  "variables": {
    "templateUniqueString": "[uniqueString(concat(string(parameters('deploymentContext')), string(parameters('source')), string(parameters('context'))))]",
    "collectorTemplate": "[uri(deployment().properties.templateLink.uri, '../../../common/collector.json')]",
    "extensionSettingsTemplate": "[uri(deployment().properties.templateLink.uri, 'vm-extension-settings.json')]",
    "extensionsSettingDeploymentName": "[concat(parameters('deploymentContext').parentTemplateUniqueString, '-extSettings-', variables('templateUniqueString'))]",
    "extensionsDeploymentName": "[concat(parameters('deploymentContext').parentTemplateUniqueString, '-exts-', variables('templateUniqueString'))]",
    "vmName": "[parameters('context').vmName]",
    "extensionTemplates": [
      "[uri(deployment().properties.templateLink.uri, 'virtualMachine-extensions-nop.json')]",
      "[uri(deployment().properties.templateLink.uri, 'virtualMachine-extensions-one.json')]",
      "[uri(deployment().properties.templateLink.uri, 'virtualMachine-extensions-multiple.json')]"
    ],
    "modOne": "[mod(add(length(parameters('source')), 2), add(length(parameters('source')), 1))]",
    "tempCount": "[sub(length(parameters('source')), variables('modOne'))]",
    "modTwo": "[mod(add(variables('tempCount'), 2), add(variables('tempCount'), 1))]",
    "extensionTemplatesIndex": "[add(variables('modOne'), variables('modTwo'))]"
  },
  "resources": [
    {
      "type": "Microsoft.Resources/deployments",
      "apiVersion": "2015-01-01",
      "name": "[variables('extensionsSettingDeploymentName')]",
      "properties": {
        "mode": "Incremental",
        "templateLink": { "uri": "[variables('collectorTemplate')]" },
        "parameters": {
          "deploymentContext": {
            "value": {
              "parentTemplateUniqueString": "[concat(variables('templateUniqueString'), '-extSettings')]"
            }
          },
          "source": { "value": "[parameters('source')]" },
          "context": { "value": "[parameters('context')]" },
          "mapperTemplateUri": { "value": "[variables('extensionSettingsTemplate')]" }
        }
      }
    },
    {
      "type": "Microsoft.Resources/deployments",
      "apiVersion": "2015-01-01",
      "name": "[variables('extensionsDeploymentName')]",
      "properties": {
        "mode": "Incremental",
        "templateLink": { "uri": "[variables('extensionTemplates')[variables('extensionTemplatesIndex')]]" },
        "parameters": {
          "deploymentContext": {
            "value": {
              "parentTemplateUniqueString": "[concat(variables('templateUniqueString'), '-exts')]"
            }
          },
          "source": { "value": "[reference(variables('extensionsSettingDeploymentName')).outputs.result.value]" },
          "context": { "value": "[parameters('context')]" }
        }
      }
    }
  ],
  "outputs": {
  }
}
