﻿{
  "$schema": "http://schema.management.azure.com/schemas/2015-01-01/deploymentTemplate.json#",
  "contentVersion": "1.0.0.0",
  "parameters": {
    "deploymentContext": { "type": "object" },
    "source": { "type": "array" },
    "context": { "type": "object" }
  },
  "variables": {
  },
  "resources": [
    {
      "type": "Microsoft.Compute/virtualMachines/extensions",
      "name": "[concat(parameters('context').vmName,'/', parameters('source')[copyIndex()].name)]",
      "apiVersion": "2015-06-15",
      "location": "[resourceGroup().location]",
      "copy": {
        "name": "extensionsIterator",
        "count": "[length(parameters('source'))]"
      },
      "properties": "[parameters('source')[copyIndex()].properties]"
    }
  ],
  "outputs": {
  }
}
