﻿{
  "$schema": "https://schema.management.azure.com/schemas/2015-01-01/deploymentTemplate.json#",
  "contentVersion": "1.0.0.0",
  "parameters": {
  },
  "variables": {
    "templateBaseUrl": "https://raw.githubusercontent.com/mspnp/template-building-blocks/v1.0.0/",
    "localRepoBaseUrl": "https://raw.githubusercontent.com/mspnp/reference-architectures/master/compliance/uk-official/three-tier-web-with-adds/",
    "buildingBlocks": {
      "virtualNetworkTemplate": "[concat(variables('templateBaseUrl'), 'templates/buildingBlocks/vnet-n-subnet/azuredeploy.json')]",
      "virtualNetworkGatewayTemplate": "[concat(variables('templateBaseUrl'), 'templates/buildingBlocks/vpn-gateway-vpn-connection/azuredeploy.json')]",
      "nsgTemplate": "[concat(variables('templateBaseUrl'), 'templates/buildingBlocks/networkSecurityGroups/azuredeploy.json')]"
    },
    "vnetPeeringTemplate": "[concat(variables('localRepoBaseUrl'), 'templates/azure/vnetpeering/azuredeploy.json')]",
    "opsNetworkInfrastructureTemplate": "[concat(variables('localRepoBaseUrl'), 'templates/azure/ops-network-infrastructure/azuredeploy.json')]",
    "applicationGatewayTemplate": "https://raw.githubusercontent.com/Azure/azure-quickstart-templates/master/101-application-gateway-create/azuredeploy.json",
    "parameterFiles": {
      "opsNetworkInfrastructureParametersFile": "[concat(variables('localRepoBaseUrl'), 'parameters/azure/ops-network.parameters.json')]",
      "azureMgmtVirtualNetworkParametersFile": "[concat(variables('localRepoBaseUrl'), 'parameters/azure/mgmt-vnet.parameters.json')]",
      "nsgParametersFile": "[concat(variables('localRepoBaseUrl'), 'parameters/azure/nsg-rules.parameters.json')]",
      "opsNsgParametersFile": "[concat(variables('localRepoBaseUrl'), 'parameters/azure/ops-vent-nsgs.json')]",
      "operationalVnetPeeringParametersFile": "[concat(variables('localRepoBaseUrl'), 'parameters/azure/operational-vnet-peering.parameters.json')]",
      "mgmtVnetPeeringParametersFile": "[concat(variables('localRepoBaseUrl'), 'parameters/azure/mgmt-vnet-peering.parameters.json')]"
    }
  },
  "resources": [
    {
      "apiVersion": "2015-01-01",
      "name": "azure-ops-network-deployment",
      "type": "Microsoft.Resources/deployments",
      "properties": {
        "mode": "incremental",
        "templateLink": {
          "uri": "[variables('opsNetworkInfrastructureTemplate')]",
          "contentVersion": "1.0.0.0"
        },
        "parametersLink": {
          "uri": "[variables('parameterFiles').opsNetworkInfrastructureParametersFile]",
          "contentVersion": "1.0.0.0"
        }
      }
    },
    {
      "apiVersion": "2015-01-01",
      "name": "azure-mgmt-vnet-deployment",
      "type": "Microsoft.Resources/deployments",
      "properties": {
        "mode": "incremental",
        "templateLink": {
          "uri": "[variables('buildingBlocks').virtualNetworkTemplate]",
          "contentVersion": "1.0.0.0"
        },
        "parametersLink": {
          "uri": "[variables('parameterFiles').azureMgmtVirtualNetworkParametersFile]",
          "contentVersion": "1.0.0.0"
        }
      }
    },
    {
      "apiVersion": "2015-01-01",
      "name": "operational-vnet-peering-deployment",
      "type": "Microsoft.Resources/deployments",
      "dependsOn": [
        "[concat('Microsoft.Resources/deployments/', 'azure-ops-network-deployment')]",
        "[concat('Microsoft.Resources/deployments/', 'azure-mgmt-vnet-deployment')]"
      ],
      "properties": {
        "mode": "incremental",
        "templateLink": {
          "uri": "[variables('vnetPeeringTemplate')]",
          "contentVersion": "1.0.0.0"
        },
        "parametersLink": {
          "uri": "[variables('parameterFiles').operationalVnetPeeringParametersFile]",
          "contentVersion": "1.0.0.0"
        }
      }
    },
    {
      "apiVersion": "2015-01-01",
      "name": "mgmt-vnet-peering-deployment",
      "type": "Microsoft.Resources/deployments",
      "dependsOn": [
        "[concat('Microsoft.Resources/deployments/', 'azure-ops-network-deployment')]",
        "[concat('Microsoft.Resources/deployments/', 'azure-mgmt-vnet-deployment')]"
      ],
      "properties": {
        "mode": "incremental",
        "templateLink": {
          "uri": "[variables('vnetPeeringTemplate')]",
          "contentVersion": "1.0.0.0"
        },
        "parametersLink": {
          "uri": "[variables('parameterFiles').mgmtVnetPeeringParametersFile]",
          "contentVersion": "1.0.0.0"
        }
      }
    },
    {
      "apiVersion": "2015-01-01",
      "name": "nsg-deployment",
      "type": "Microsoft.Resources/deployments",
      "properties": {
        "mode": "incremental",
        "templateLink": {
          "uri": "[variables('buildingBlocks').nsgTemplate]",
          "contentVersion": "1.0.0.0"
        },
        "parametersLink": {
          "uri": "[variables('parameterFiles').nsgParametersFile]",
          "contentVersion": "1.0.0.0"
        }
      }
    },
    {
      "apiVersion": "2015-01-01",
      "name": "ops-nsg-deployment",
      "type": "Microsoft.Resources/deployments",
      "properties": {
        "mode": "incremental",
        "templateLink": {
          "uri": "[variables('buildingBlocks').nsgTemplate]",
          "contentVersion": "1.0.0.0"
        },
        "parametersLink": {
          "uri": "[variables('parameterFiles').opsNsgParametersFile]",
          "contentVersion": "1.0.0.0"
        }
      }
    }
  ]
}

