﻿{
  "$schema": "https://schema.management.azure.com/schemas/2015-01-01/deploymentTemplate.json#",
  "contentVersion": "1.0.0.0",
  "parameters": {
    "remoteVirtualNetworkName": {
      "metadata": {
        "description": "Remote Vnet name"
      },
      "type": "string"
    },
    "peeringName": {
      "metadata": {
        "description": "Peering name"
      },
      "type": "string"
    }
  },
  "resources": [
    {
      "apiVersion": "2016-06-01",
      "type": "Microsoft.Network/virtualNetworks/virtualNetworkPeerings",
      "name": "[parameters('peeringName')]",
      "location": "[resourceGroup().location]",
      "properties": {
        "allowVirtualNetworkAccess": true,
        "allowForwardedTraffic": false,
        "allowGatewayTransit": false,
        "useRemoteGateways": false,
        "remoteVirtualNetwork": {
          "id": "[resourceId('Microsoft.Network/virtualNetworks', parameters('remoteVirtualNetworkName'))]"
        }
      }
    }
  ]
}

