﻿{
  "$schema": "http://schema.management.azure.com/schemas/2015-01-01/deploymentParameters.json#",
  "contentVersion": "1.0.0.0",
  "parameters": {
    "virtualMachinesSettings": {
      "metadata": {
        "description": "VM Settings for Jumpbox"
      },
      "value": {
        "namePrefix": "azure-mgmt",
        "computerNamePrefix": "jumpbox",
        "size": "Standard_DS1_v2",
        "osType": "windows",
        "adminUsername": "AdminUser",
        "adminPassword": "AweS0me@PW",
        "osAuthenticationType": "password",
        "nics": [
          {
            "isPublic": "true",
            "subnetName": "mgmt-subnet",
            "publicIPAllocationMethod": "Dynamic",
            "privateIPAllocationMethod": "Static",
            "startingIPAddress": "10.1.0.29",
            "enableIPForwarding": false,
            "dnsServers": [ ],
            "isPrimary": "true",
            "domainNameLabelPrefix": ""
          }
        ],
        "imageReference": {
          "publisher": "MicrosoftWindowsServer",
          "offer": "WindowsServer",
          "sku": "2012-R2-Datacenter",
          "version": "latest"
        },
        "dataDisks": {
          "count": 0,
          "properties": { }
        },
        "osDisk": {
          "caching": "ReadWrite"
        },
        "extensions": [
          {
            "name": "IaaSAntimalware",
            "publisher": "Microsoft.Azure.Security",
            "type": "IaaSAntimalware",
            "typeHandlerVersion": "1.3",
            "autoUpgradeMinorVersion": true,
            "settingsConfigMapperUri": "https://raw.githubusercontent.com/mspnp/template-building-blocks/v1.0.0/templates/resources/Microsoft.Compute/virtualMachines/extensions/vm-extension-passthrough-settings-mapper.json",
            "settingsConfig": {
              "AntimalwareEnabled": true,
              "RealtimeProtectionEnabled": "false",
              "ScheduledScanSettings": {
                "isEnabled": "false",
                "day": "7",
                "time": "120",
                "scanType": "Quick"
              },
              "Exclusions": {
              }
            },
            "protectedSettingsConfig": {
            }
          }
        ],
        "availabilitySet": {
          "useExistingAvailabilitySet": "No",
          "name": ""
        }
      }
    },
    "virtualNetworkSettings": {
      "value": {
        "name": "azure-mgmt-vnet",
        "resourceGroup": "uk-official-networking-rg"
      }
    },
    "buildingBlockSettings": {
      "value": {
        "storageAccountsCount": 1,
        "vmCount": 1,
        "vmStartIndex": 1
      }
    }
  }
}