﻿{
    "$schema": "http://schema.management.azure.com/schemas/2015-01-01/deploymentParameters.json#",
    "contentVersion": "1.0.0.0",
    "parameters": {
        "virtualMachinesSettings": {
            "value": {
                "namePrefix": "ra-sp2016-dch",
                "computerNamePrefix": "dch",
                "size": "Standard_DS3_v2",
                "adminUsername": "testuser",
                "adminPassword": "AweS0me@PW",
                "osType": "windows",
                "osAuthenticationType": "password",
                "sshPublicKey": "",
                "nics": [
                    {
                        "isPublic": "false",
                        "isPrimary": "true",
                        "subnetName": "cache",
                        "privateIPAllocationMethod": "static",
                        "startingIPAddress": "10.0.2.4",
                        "enableIPForwarding": false,
                        "domainNameLabelPrefix": "",
                        "dnsServers": []
                    }
                ],
                "imageReference": {
                    "publisher": "MicrosoftSharePoint",
                    "offer": "MicrosoftSharePointServer",
                    "sku": "2016",
                    "version": "latest"
                },
                "osDisk": {
                    "caching": "ReadWrite"
                },
                "dataDisks": {
                    "count": 1,
                    "properties": {
                        "diskSizeGB": 128,
                        "caching": "None",
                        "createOption": "Empty"
                    }
                },
                "extensions": [],
                "availabilitySet": {
                    "useExistingAvailabilitySet": "No",
                    "name": "ra-sp2016-dch-as"
                }
            }
        },
        "virtualNetworkSettings": {
            "value": {
                "name": "ra-sp2016-vnet",
                "resourceGroup": "ra-sp2016-network-rg"
            }
        },
        "buildingBlockSettings": {
            "value": {
                "storageAccountsCount": 2,
                "vmCount": 2,
                "vmStartIndex": 1
            }
        }
    }
}