﻿{
  "$schema": "http://schema.management.azure.com/schemas/2015-01-01/deploymentParameters.json#",
  "contentVersion": "1.0.0.0",
  "parameters": {
    "virtualMachinesSettings": {
      "value": {
        "namePrefix": "ra-sp2016-fsw",
        "computerNamePrefix": "fsw",
        "size": "Standard_DS1_v2",
        "osType": "windows",
        "adminUsername": "testuser",
        "adminPassword": "AweS0me@PW",
        "sshPublicKey": "",
        "osAuthenticationType": "password",
        "nics": [
          {
            "isPublic": "false",
            "isPrimary": "true",
            "subnetName": "sql",
            "privateIPAllocationMethod": "Dynamic",
             "enableIPForwarding": false,
            "domainNameLabelPrefix": "",
            "dnsServers": []          
          }
        ],
        "imageReference": {
          "publisher": "MicrosoftWindowsServer",
          "offer": "WindowsServer",
          "sku": "2012-R2-Datacenter",
          "version": "latest"
        },
        "dataDisks": {
          "count": 1,
          "properties": {
            "diskSizeGB": 128,
            "caching": "None",
            "createOption": "Empty"
          }
        },
        "osDisk": {
          "caching": "ReadWrite"
        },
        "extensions": [
          {
            "name": "join-ad-domain",
            "publisher": "Microsoft.Compute",
            "type": "JsonADDomainExtension",
            "typeHandlerVersion": "1.3",
            "autoUpgradeMinorVersion": true,
            "settingsConfigMapperUri": "https://raw.githubusercontent.com/mspnp/template-building-blocks/v1.0.0/templates/resources/Microsoft.Compute/virtualMachines/extensions/vm-extension-passthrough-settings-mapper.json",
            "settingsConfig": {
              "Name": "contoso.local",
              "OUPath": "",
              "User": "contoso.local\\testuser",
              "Restart": true,
              "Options": 3
            },
            "protectedSettingsConfig": {
              "Password": "AweS0me@PW"
            }
          },
          {
            "name": "CreateFileShareWitness",
            "publisher": "Microsoft.Powershell",
            "type": "DSC",
            "typeHandlerVersion": "2.16",
            "autoUpgradeMinorVersion": false,
            "settingsConfigMapperUri": "https://raw.githubusercontent.com/mspnp/template-building-blocks/v1.0.0/templates/resources/Microsoft.Compute/virtualMachines/extensions/vm-extension-passthrough-settings-mapper.json",
            "settingsConfig": {
              "modulesURL": "https://raw.githubusercontent.com/mspnp/reference-architectures/master/sharepoint/sharepoint-2016/extensions/CreateFileShareWitness.ps1.zip",
              "configurationFunction": "CreateFileShareWitness.ps1\\CreateFileShareWitness",
              "properties": {
                "domainName": "contoso.local",
                "SharePath": "sql-fs",
                "adminCreds": {
                  "userName": "testuser",
                  "password": "privateSettingsRef:adminPassword"
                }
              }
            },
            "protectedSettingsConfig": {
              "items": {
                "adminPassword": "AweS0me@PW"
              }
            }
          }
        ],
        "availabilitySet": {
          "useExistingAvailabilitySet": "Yes",
          "name": "ra-sp2016-sql-as"
        }
      }
    },
    "virtualNetworkSettings": {
      "value": {
        "name": "ra-sp2016-vnet",
        "resourceGroup": "ra-sp2016-network-rg"
      }
    },
    "buildingBlockSettings": {
      "value": {
        "storageAccountsCount": 1,
        "vmCount": 1,
        "vmStartIndex": 1
      }
    }
  }
}