{
    "$schema": "https://schema.management.azure.com/schemas/2015-01-01/deploymentTemplate.json#",
    "contentVersion": "1.0.0.0",
    "parameters": {
        "peeringName": {"type": "string"},
        "hubResourceGroup":{"type": "string"},
        "hubVnetName":{"type": "string"}
    },
    "variables": {},
    "resources": [
        {
            "apiVersion": "2016-06-01",
            "type": "Microsoft.Network/virtualNetworks/virtualNetworkPeerings",
            "name": "[parameters('peeringName')]",
            "location": "[resourceGroup().location]",
            "properties": {
                "allowVirtualNetworkAccess": true,
                "allowForwardedTraffic": true,
                "allowGatewayTransit": false,
                "useRemoteGateways": true,
                "remoteVirtualNetwork": {
                    "id": "[resourceId(parameters('hubResourceGroup'),'Microsoft.Network/virtualNetworks', parameters('hubVnetName'))]"
                }
            }
        }
    ]
}
