﻿{
  "$schema": "http://schema.management.azure.com/schemas/2015-01-01/deploymentParameters.json#",
  "contentVersion": "1.0.0.0",
  "parameters": {
    "virtualMachinesSettings": {
      "value": {
        "namePrefix": "ra-onprem-user",
        "computerNamePrefix": "userbox",
        "size": "Standard_DS1_v2",
        "osType": "windows",
        "adminUsername": "onpremuser",
        "adminPassword": "AweS0me@PW",
        "osAuthenticationType": "password",
        "nics": [
          {
            "isPublic": "true",
            "subnetName": "user",
            "publicIPAllocationMethod": "Dynamic",
            "privateIPAllocationMethod": "Static",
            "startingIPAddress": "192.168.1.10",
            "enableIPForwarding": false,
            "dnsServers": [ ],
            "isPrimary": "true",
            "domainNameLabelPrefix": ""
          }
        ],
        "imageReference": {
          "publisher": "MicrosoftWindowsServer",
          "offer": "WindowsServer",
          "sku": "2012-R2-Datacenter",
          "version": "latest"
        },
        "dataDisks": {
          "count": 0,
          "properties": { }
        },
        "osDisk": {
          "caching": "ReadWrite"
        },
        "extensions": [            
        {
          "name": "join-ad-domain",
          "publisher": "Microsoft.Compute",
          "type": "JsonADDomainExtension",
          "typeHandlerVersion": "1.3",
          "autoUpgradeMinorVersion": true,
          "settingsConfigMapperUri": "https://raw.githubusercontent.com/mspnp/template-building-blocks/v1.0.0/templates/resources/Microsoft.Compute/virtualMachines/extensions/vm-extension-passthrough-settings-mapper.json",
          "settingsConfig": {
            "Name": "fabrikam.com",
            "OUPath": "",
            "User": "fabrikam.com\\onpremuser",
            "Restart": true,
            "Options": 3
            },
          "protectedSettingsConfig": {
            "Password": "AweS0me@PW"
            }
          } ],
        "availabilitySet": {
          "useExistingAvailabilitySet": "No",
          "name": ""
        }
      }
    },
    "virtualNetworkSettings": {
      "value": {
        "name": "ra-onprem-vnet",
        "resourceGroup": "ra-onprem-sp2016-rg"
      }
    },
    "buildingBlockSettings": {
      "value": {
        "storageAccountsCount": 1,
        "vmCount": 1,
        "vmStartIndex": 1
      }
    }
  }
}
