﻿{
  "$schema": "http://schema.management.azure.com/schemas/2015-01-01/deploymentTemplate.json#",
  "contentVersion": "1.0.0.0",
  "parameters": {
    "deploymentContext": { "type": "object" },
    "source": { "type": "array" },
    "context": { "type": "object" },
    "mapperTemplateUri": { "type": "string" },
    "state": {
      "type": "array",
      "defaultValue": [ ]
    }
  },
  "variables": {
    "templateUniqueString": "[uniqueString(concat(string(parameters('deploymentContext')), string(parameters('source')), string(parameters('context')), parameters('mapperTemplateUri'), string(parameters('state'))))]",
    "count": "[length(parameters('source'))]"
  },
  "resources": [
    {
      "type": "Microsoft.Resources/deployments",
      "apiVersion": "2015-01-01",
      "name": "[concat(parameters('deploymentContext').parentTemplateUniqueString, '-0-', variables('templateUniqueString'))]",
      "properties": {
        "mode": "Incremental",
        "parameters": { },
        "template": {
          "$schema": "http://schema.management.azure.com/schemas/2015-01-01/deploymentTemplate.json#",
          "contentVersion": "1.0.0.0",
          "parameters": { },
          "variables": { },
          "resources": [ ],
          "outputs": {
            "collection": {
              "type": "array",
              "value": "[parameters('state')]"
            }
          }
        }
      }
    },
    {
      "type": "Microsoft.Resources/deployments",
      "apiVersion": "2015-01-01",
      "name": "[concat(parameters('deploymentContext').parentTemplateUniqueString, '-', copyindex(1), '-', variables('templateUniqueString'))]",
      "dependsOn": [
        "[concat('Microsoft.Resources/deployments/', parameters('deploymentContext').parentTemplateUniqueString, '-', copyindex(), '-', variables('templateUniqueString'))]"
      ],
      "copy": {
        "name": "iterator",
        "count": "[variables('count')]"
      },
      "properties": {
        "mode": "Incremental",
        "templateLink": { "uri": "[parameters('mapperTemplateUri')]" },
        "parameters": {
          "deploymentContext": {
            "value": {
              "parentTemplateUniqueString": "[concat(variables('templateUniqueString') , '-collector', copyindex(1))]"
            }
          },
          "source": { "value": "[parameters('source')[copyindex()]]" },
          "context": { "value": "[parameters('context')]" },
          "state": { "value": "[reference(concat(parameters('deploymentContext').parentTemplateUniqueString, '-', copyindex(), '-', variables('templateUniqueString'))).outputs.collection.value]" },
          "iteration": { "value": "[copyindex()]" }
        }
      }
    }
  ],
  "outputs": {
    "result": {
      "type": "array",
      "value": "[reference(concat(parameters('deploymentContext').parentTemplateUniqueString, '-', variables('count'), '-', variables('templateUniqueString'))).outputs.collection.value]"
    }
  }
}
