﻿{
  "$schema": "http://schema.management.azure.com/schemas/2015-01-01/deploymentTemplate.json#",
  "contentVersion": "1.0.0.0",
  "parameters": {
    "deploymentContext": {
      "type": "object",
      "defaultValue": {
        "parentTemplateUniqueString": ""
      }
    },
    "subscription": {
      "type": "string",
      "defaultValue": ""
    },
    "resourceGroup": {
      "type": "string",
      "defaultValue": ""
    },
    "resourceType": {
      "type": "string"
    },
    "resourceName1": {
      "type": "string"
    },
    "resourceName2": {
      "type": "string",
      "defaultValue": ""
    }
  },
  "variables": {
    "templateUniqueString": "[uniqueString(concat(string(parameters('deploymentContext')), parameters('subscription'), parameters('resourceGroup'), parameters('resourceType'), parameters('resourceName1'), parameters('resourceName2')))]",
    "subscriptions": [
      "[subscription().subscriptionId]",
      "[parameters('subscription')]"
    ],
    "resourceGroups": [
      "[resourceGroup().name]",
      "[parameters('resourceGroup')]"
    ],
    "subscription": "[variables('subscriptions')[mod(add(length(parameters('subscription')), 2), add(length(parameters('subscription')), 1))]]",
    "resourceGroup": "[variables('resourceGroups')[mod(add(length(parameters('resourceGroup')), 2), add(length(parameters('resourceGroup')), 1))]]",
    "referenceTemplates": [
      "reference-one-parameter.json",
      "reference-two-parameters.json"
    ],
    "deploymentName": "[concat(parameters('deploymentContext').parentTemplateUniqueString, '-reference-', variables('templateUniqueString'))]"
  },
  "resources": [
    {
      "type": "Microsoft.Resources/deployments",
      "apiVersion": "2015-01-01",
      "name": "[variables('deploymentName')]",
      "properties": {
        "mode": "Incremental",
        "templateLink": {
          "uri": "[uri(deployment().properties.templateLink.uri, variables('referenceTemplates')[mod(add(length(parameters('resourceName2')), 2), add(length(parameters('resourceName2')), 1))])]"
        },
        "parameters": {
          "deploymentContext": {
            "value": {
              "parentTemplateUniqueString": "[concat(variables('templateUniqueString'), '-reference')]"
            }
          },
          "subscription": {
            "value": "[variables('subscription')]"
          },
          "resourceGroup": {
            "value": "[variables('resourceGroup')]"
          },
          "resourceType": {
            "value": "[parameters('resourceType')]"
          },
          "resourceName1": {
            "value": "[parameters('resourceName1')]"
          },
          "resourceName2": {
            "value": "[parameters('resourceName2')]"
          }
        }
      }
    }
  ],
  "outputs": {
    "reference": {
      "type": "object",
      "value": "[reference(variables('deploymentName')).outputs.reference.value]"
    }
  }
}
