{
    "$schema": "https://raw.githubusercontent.com/mspnp/template-building-blocks/master/schemas/buildingBlocks.json",
    "contentVersion": "1.0.0.0",
    "parameters": {
        "buildingBlocks": {
            "value": [
                {
                    "type": "VirtualNetwork",
                    "settings": [
                        {
                            "name": "ra-multi-vm-vnet",
                            "addressPrefixes": [
                                "10.0.0.0/16"
                            ],
                            "subnets": [
                                {
                                    "name": "web",
                                    "addressPrefix": "10.0.1.0/24"
                                }
                            ]
                        }
                    ]
                },
                {
                    "type": "NetworkSecurityGroup",
                    "settings": [
                        {
                            "name": "ra-multi-vm-nsg",
                            "securityRules": [
                                {
                                    "name": "SSH"
                                },
                                {
                                    "name": "HTTP"
                                }
                            ],
                            "virtualNetworks": [
                                {
                                    "name": "ra-multi-vm-vnet",
                                    "subnets": [
                                        "web"
                                    ]
                                }
                            ]
                        }
                    ]
                },
                {
                    "type": "VirtualMachine",
                    "settings": {
                        "vmCount": 3,
                        "namePrefix": "ra-multi",
                        "computerNamePrefix": "web",
                        "adminUsername": "",
                        "sshPublicKey":"",
                        "osType": "linux",     
                        "virtualNetwork": {
                            "name": "ra-multi-vm-vnet"
                        },
                        "nics": [
                            {
                                "isPrimary": true,
                                "isPublic": false,
                                "subnetName": "web",
                                "backendPoolsNames": [
                                    "ra-multi-vm-lb-bep1"
                                ]
                            }
                        ],
                        "extensions": [
                            {
                                "name": "ra-single-linux-vm1-ext",
                                "publisher": "Microsoft.Azure.Extensions",
                                "type": "CustomScript",
                                "typeHandlerVersion": "2.0",
                                "autoUpgradeMinorVersion": true,
                                "settings": {
                                  "fileUris": [
                                    "https://raw.githubusercontent.com/mspnp/reference-architectures/master/scripts/linux/install-apache.sh"
                                  ]
                                },
                                "protectedSettings": {
                                  "commandToExecute": "sh install-apache.sh"
                                }
                              }
                        ],
                        "loadBalancerSettings": {
                            "frontendIPConfigurations": [
                                {
                                    "name": "ra-multi-vm-lb-fe-config1",
                                    "loadBalancerType": "Public"
                                }
                            ],
                            "loadBalancingRules": [
                                {
                                    "name": "lbr1",
                                    "frontendPort": 80,
                                    "backendPort": 80,
                                    "protocol": "Tcp",
                                    "backendPoolName": "ra-multi-vm-lb-bep1",
                                    "frontendIPConfigurationName": "ra-multi-vm-lb-fe-config1",
                                    "enableFloatingIP": false,
                                    "probeName": "lbp1"
                                }
                            ],
                            "probes": [
                                {
                                    "name": "lbp1",
                                    "port": 80,
                                    "protocol": "Http",
                                    "requestPath": "/"
                                }
                            ],
                            "backendPools": [
                                {
                                    "name": "ra-multi-vm-lb-bep1"
                                }
                            ]
                        },
                        "scaleSetSettings": {}
                    }
                }
            ]
        }
    }
}