﻿{
  "$schema": "https://schema.management.azure.com/schemas/2015-01-01/deploymentTemplate.json#",
  "contentVersion": "1.0.0.0",
  "parameters": {
    "templateRootUri": {
      "type": "string",
      "defaultValue": "https://raw.githubusercontent.com/mspnp/template-building-blocks/v1.0.0/",
      "metadata": {
        "description": "Root path for templates"
      }
    },
    "parameterRootUri": {
      "type": "string",
      "defaultValue": "https://raw.githubusercontent.com/mspnp/reference-architectures/master/hybrid-networking/expressroute-vpn-failover/parameters/",
      "metadata": {
        "decription": "Root path for parameters"
      }
    }
  },
  "variables": {
    "templates": {
      "deployment": {
        "virtualNetwork": "[uri(parameters('templateRootUri'), 'templates/buildingBlocks/vnet-n-subnet/azuredeploy.json')]",
        "expressRouteGateway": "[uri(parameters('templateRootUri'), 'templates/buildingBlocks/vpn-gateway-vpn-connection/azuredeploy.json')]",
        "virtualNetworkGateway": "[uri(parameters('templateRootUri'), 'templates/buildingBlocks/vpn-gateway-vpn-connection/azuredeploy.json')]"
      },
      "parameter": {
        "virtualNetwork": "[uri(parameters('parameterRootUri'), 'virtualNetwork.parameters.json')]",
        "expressRouteGateway": "[uri(parameters('parameterRootUri'), 'virtualNetworkGateway-expressRoute.parameters.json')]",
        "virtualNetworkGateway": "[uri(parameters('parameterRootUri'), 'virtualNetworkGateway-vpn.parameters.json')]"
      }
    }
  },
  "resources": [
    {
      "type": "Microsoft.Resources/deployments",
      "apiVersion": "2015-01-01",
      "name": "ra-hybrid-vpn-er-vnet-deployment",
      "properties": {
        "mode": "Incremental",
        "templateLink": {
          "uri": "[variables('templates').deployment.virtualNetwork]"
        },
        "parametersLink": {
          "uri": "[variables('templates').parameter.virtualNetwork]"
        }
      }
    },
    {
      "type": "Microsoft.Resources/deployments",
      "apiVersion": "2015-01-01",
      "name": "ra-hybrid-er-deployment",
      "dependsOn": [
        "ra-hybrid-vpn-er-vnet-deployment"
      ],
      "properties": {
        "mode": "Incremental",
        "templateLink": {
          "uri": "[variables('templates').deployment.expressRouteGateway]"
        },
        "parametersLink": {
          "uri": "[variables('templates').parameter.expressRouteGateway]"
        }
      }
    },
    {
      "type": "Microsoft.Resources/deployments",
      "apiVersion": "2015-01-01",
      "name": "ra-hybrid-vpn-deployment",
      "dependsOn": [
        "ra-hybrid-er-deployment"
      ],
      "properties": {
        "mode": "Incremental",
        "templateLink": {
          "uri": "[variables('templates').deployment.virtualNetworkGateway]"
        },
        "parametersLink": {
          "uri": "[variables('templates').parameter.virtualNetworkGateway]"
        }
      }
    }
  ],
  "outputs": {
  }
}
