﻿{
  "$schema": "http://schema.management.azure.com/schemas/2015-01-01/deploymentParameters.json#",
  "contentVersion": "1.0.0.0",
  "parameters": {
    "dmzSettings": {
      "value": {
        "namePrefix": "intranet-dmz",
        "endpoint": {
          "hasPublicEndpoint": "no",
          "domainNameLabel": "",
          "internalLoadBalancerSettings": {
            "privateIPAddress": "10.0.0.10",
            "subnetName": "private-dmz-in"
          }
        },
        "applianceSettings": {
          "ports": [
            {
              "port": 80,
              "protocol": "Tcp",
              "healthProbe": "hp1"
            }
          ],
          "healthProbes": [
            {
              "name": "hp1",
              "port": 80,
              "protocol": "http",
              "requestPath": "/"
            }
          ],
          "virtualMachineSettings": {
            "count": 2,
            "size": "Standard_DS2_v2",
            "adminUsername": "testuser",
            "adminPassword": "AweS0me@PW",
            "sshPublicKey": "",
            "osAuthenticationType": "password",
            "imageReference": {
              "publisher": "Canonical",
              "offer": "UbuntuServer",
              "sku": "14.04.5-LTS",
              "version": "latest"
            },
            "extensions": [
              {
                "name": "enable-iptables-routes",
                "publisher": "Microsoft.OSTCExtensions",
                "type": "CustomScriptForLinux",
                "typeHandlerVersion": "1.5",
                "autoUpgradeMinorVersion": true,
                "settingsConfigMapperUri": "https://raw.githubusercontent.com/mspnp/template-building-blocks/v1.0.0/templates/resources/Microsoft.Compute/virtualMachines/extensions/vm-extension-passthrough-settings-mapper.json",
                "settingsConfig": {
                  "fileUris": [
                    "https://raw.githubusercontent.com/mspnp/template-building-blocks/v1.0.0/templates/resources/Microsoft.Compute/virtualMachines/extensions/linux/enable-iptables-routes/enable-iptables-routes.sh"
                  ],
                  "commandToExecute": "bash enable-iptables-routes.sh internal 10.0.1.100"
                },
                "protectedSettingsConfig": { }
              }
            ]
          }
        },
        "securedAddressSpace": [ "10.0.1.0/24", "10.0.2.0/24", "10.0.3.0/24" ],
        "subnets": {
          "useExistingSubnets": "yes",
          "inSubnet": {
            "name": "private-dmz-in",
            "addressPrefix": ""
          },
          "outSubnet": {
            "name": "private-dmz-out",
            "addressPrefix": ""
          }
        }

      }
    },
    "virtualNetworkSettings": {
      "value": {
        "name": "ra-vnet",
        "resourceGroup": "ra-public-dmz-network-rg"
      }
    }
  }
}

