﻿{
  "$schema": "http://schema.management.azure.com/schemas/2015-01-01/deploymentParameters.json#",
  "contentVersion": "1.0.0.0",
  "parameters": {
    "virtualMachinesSettings": {
      "value": {
        "namePrefix": "ra-dmz-data",
        "computerNamePrefix": "data",
        "size": "Standard_DS1_v2",
        "osType": "linux",
        "adminUsername": "testuser",
        "adminPassword": "AweS0me@PW",
        "sshPublicKey": "",
        "osAuthenticationType": "password",
        "nics": [
          {
            "isPublic": "false",
            "subnetName": "data",
            "privateIPAllocationMethod": "dynamic",
            "isPrimary": "true",
            "enableIPForwarding": false,
            "domainNameLabelPrefix": "",
            "dnsServers": [ ]
          }
        ],
        "imageReference": {
          "publisher": "Canonical",
          "offer": "UbuntuServer",
          "sku": "14.04.5-LTS",
          "version": "latest"
        },
        "dataDisks": {
          "count": 1,
          "properties": {
            "diskSizeGB": 128,
            "caching": "None",
            "createOption": "Empty"
          }
        },
        "osDisk": {
          "caching": "ReadWrite"
        },
        "extensions": [
          {
            "name": "apache-config-ext",
            "settingsConfigMapperUri": "https://raw.githubusercontent.com/mspnp/template-building-blocks/v1.0.0/templates/resources/Microsoft.Compute/virtualMachines/extensions/vm-extension-passthrough-settings-mapper.json",
            "publisher": "Microsoft.OSTCExtensions",
            "type": "CustomScriptForLinux",
            "typeHandlerVersion": "1.5",
            "autoUpgradeMinorVersion": true,
            "settingsConfig": {
              "fileUris": [ "https://raw.githubusercontent.com/mspnp/reference-architectures/master/dmz/secure-vnet-hybrid/extensions/linux/install-apache.sh" ],
              "commandToExecute": "sh install-apache.sh"
            },
            "protectedSettingsConfig": { }
          }
        ],
        "availabilitySet": {
          "useExistingAvailabilitySet": "No",
          "name": "data-as"
        }
      }
    },
    "loadBalancerSettings": {
      "value": {
        "name": "ra-dmz-data-lb",
        "frontendIPConfigurations": [
          {
            "name": "fe-config1",
            "loadBalancerType": "internal",
            "domainNameLabel": "",
            "internalLoadBalancerSettings": {
              "privateIPAddress": "10.0.3.100",
              "subnetName": "data"
            }
          }
        ],
        "loadBalancingRules": [
          {
            "name": "lbr1",
            "frontendPort": 80,
            "backendPort": 80,
            "protocol": "Tcp",
            "backendPoolName": "bep1",
            "frontendIPConfigurationName": "fe-config1",
            "enableFloatingIP": false,
            "probeName": "lbp1"
          }
        ],
        "probes": [
          {
            "name": "lbp1",
            "port": 80,
            "protocol": "Http",
            "requestPath": "/"
          }
        ],
        "backendPools": [
          {
            "name": "bep1",
            "nicIndex": 0
          }
        ],
        "inboundNatRules": [
          {
            "namePrefix": "ssh",
            "frontendIPConfigurationName": "fe-config1",
            "startingFrontendPort": 50000,
            "backendPort": 22,
            "natRuleType": "All",
            "protocol": "Tcp",
            "nicIndex": 0
          }
        ]
      }
    },
    "virtualNetworkSettings": {
      "value": {
        "name": "ra-vnet",
        "resourceGroup": "ra-public-dmz-network-rg"
      }
    },
    "buildingBlockSettings": {
      "value": {
        "storageAccountsCount": 1,
        "vmCount": 2,
        "vmStartIndex": 1
      }
    }
  }
}

