﻿{
  "$schema": "http://schema.management.azure.com/schemas/2015-01-01/deploymentTemplate.json#",
  "contentVersion": "1.0.0.0",
  "parameters": {
    "deploymentContext": {
      "type": "object"
    },
    "virtualNetworkSettings": {
      "type": "object"
    },
    "subnets": {
      "type": "object"
    }
  },
  "variables": {
    "templateUniqueString": "[uniqueString(concat(string(parameters('deploymentContext')), string(parameters('virtualNetworkSettings')), string(parameters('subnets'))))]"

  },
  "resources": [
    {
      "type": "Microsoft.Network/virtualNetworks/subnets",
      "apiVersion": "2016-03-30",
      "name": "[concat(parameters('virtualNetworkSettings').name, '/', parameters('subnets').inSubnet.name)]",
      "location": "[resourceGroup().location]",
      "properties": {
        "addressPrefix": "[parameters('subnets').inSubnet.addressPrefix]"
      }
    },
    {
      "type": "Microsoft.Network/virtualNetworks/subnets",
      "apiVersion": "2016-03-30",
      "name": "[concat(parameters('virtualNetworkSettings').name, '/', parameters('subnets').outSubnet.name)]",
      "location": "[resourceGroup().location]",
      "dependsOn": [
        "[concat('Microsoft.Network/virtualNetworks/', parameters('virtualNetworkSettings').name, '/subnets/', parameters('subnets').inSubnet.name)]"
      ],
      "properties": {
        "addressPrefix": "[parameters('subnets').outSubnet.addressPrefix]"
      }
    }
  ],
  "outputs": {
  }
}
