﻿{
  "$schema": "http://schema.management.azure.com/schemas/2015-01-01/deploymentTemplate.json#",
  "contentVersion": "1.0.0.0",
  "parameters": {
    "deploymentContext": { "type": "object" },
    "virtualNetworkSettings": {
      "type": "object"
    }
  },
  "variables": {
    "templateUniqueString": "[uniqueString(concat(string(parameters('deploymentContext')), string(parameters('virtualNetworkSettings'))))]",
    "vnetName": "[parameters('virtualNetworkSettings').name]",
    "subnets": "[parameters('virtualNetworkSettings').subnets]",
    "dnsServers": "[parameters('virtualNetworkSettings').dnsServers]",
    "addressPrefixes": "[parameters('virtualNetworkSettings').addressPrefixes]",
    "subnetsTemplate": "[concat(parameters('deploymentContext').parentTemplateUniqueString, '-subnets-', variables('templateUniqueString'))]",
    "subnetsMapperTemplate": "[uri(deployment().properties.templateLink.uri, 'virtualNetwork-subnets.json')]",
    "collectorTemplate": "[uri(deployment().properties.templateLink.uri, '../../common/collector.json')]"
  },
  "resources": [
    {
      "name": "[variables('vnetName')]",
      "type": "Microsoft.Network/virtualNetworks",
      "location": "[resourceGroup().location]",
      "apiVersion": "2016-03-30",
      "tags": {
        "displayName": "vnet"
      },
      "properties": {
        "mode": "Incremental",
        "addressSpace": {
          "addressPrefixes": "[variables('addressPrefixes')]"
        },
        "subnets": "[reference(variables('subnetsTemplate')).outputs.result.value]",
        "dhcpOptions": {
          "dnsServers": "[variables('dnsServers')]"
        }
      }
    },
    {
      "type": "Microsoft.Resources/deployments",
      "apiVersion": "2015-01-01",
      "name": "[variables('subnetsTemplate')]",
      "properties": {
        "mode": "Incremental",
        "templateLink": {
          "uri": "[variables('collectorTemplate')]"
        },
        "parameters": {
          "deploymentContext": {
            "value": {
              "parentTemplateUniqueString": "[concat(variables('templateUniqueString') , '-subnets')]"
            }
          },
          "source": {
            "value": "[variables('subnets')]"
          },
          "context": {
            "value": {
            }
          },
          "mapperTemplateUri": {
            "value": "[variables('subnetsMapperTemplate')]"
          }
        }
      }
    }
  ]
}
