﻿{
    "$schema": "http://schema.management.azure.com/schemas/2015-01-01/deploymentTemplate.json",
    "contentVersion": "1.0.0.0",
  "parameters": {
    "vpnType": {
      "type": "string",
      "metadata": {
        "description": "Route based or policy based"
      },
      "defaultValue": "RouteBased",
      "allowedValues": [
        "RouteBased",
        "PolicyBased"
      ]
    },
    "localGatewayName": {
      "type": "string",
      "defaultValue": "localGateway",
      "metadata": {
        "description": "Arbitrary name for gateway resource representing "
      }
    },
    "localGatewayIpAddress": {
      "type": "string",
      "defaultValue": "1.1.1.1",
      "metadata": {
        "description": "Public IP of your StrongSwan Instance"
      }
    },
    "localAddressPrefix": {
      "type": "string",
      "defaultValue": "192.168.0.0/16",
      "metadata": {
        "description": "CIDR block representing the address space of the OnPremise VPN network's Subnet"
      }
    },
    "virtualNetworkName": {
      "type": "string",
      "defaultValue": "azureVnet",
      "metadata": {
        "description": "Arbitrary name for the Azure Virtual Network"
      }
    },
    "azureVNetAddressPrefix": {
      "type": "string",
      "defaultValue": "10.3.0.0/16",
      "metadata": {
        "description": "CIDR block representing the address space of the Azure VNet"
      }
    },
    "gatewaySubnetPrefix": {
      "type": "string",
      "defaultValue": "10.3.200.0/29",
      "metadata": {
        "description": "CIDR block for gateway subnet, subset of azureVNetAddressPrefix address space"
      }
    },
    "gatewayPublicIPName": {
      "type": "string",
      "defaultValue": "azureGatewayIP",
      "metadata": {
        "description": "Arbitrary name for public IP resource used for the new azure gateway"
      }
    },
    "gatewayName": {
      "type": "string",
      "defaultValue": "azureGateway",
      "metadata": {
        "description": "Arbitrary name for the new gateway"
      }
    },
    "gatewaySku": {
      "type": "string",
      "defaultValue": "Basic",
      "allowedValues": [
        "Basic",
        "Standard",
        "HighPerformance"
      ],
      "metadata": {
        "description": "The Sku of the Gateway. This must be one of Basic, Standard or HighPerformance."
      }
    },
    "connectionName": {
      "type": "string",
      "defaultValue": "Azure2Other",
      "metadata": {
        "description": "Arbitrary name for the new connection between Azure VNet and other network"
      }
    },
    "sharedKey": {
      "type": "securestring",
      "metadata": {
        "description": "Shared key (PSK) for IPSec tunnel"
      }
    },
    "applicationGatewayName": {
      "type": "string",
      "defaultValue": "applicationGateway1",
      "metadata": {
        "description": "application gateway name"
      }
    },
    "applicationGatewaySize": {
      "type": "string",
      "allowedValues": [
        "Standard_Small",
        "Standard_Medium",
        "Standard_Large"
      ],
      "defaultValue": "Standard_Small",
      "metadata": {
        "description": "application gateway size"
      }
    },
    "applicationGatewayInstanceCount": {
      "type": "int",
      "allowedValues": [
        1,
        2,
        3,
        4,
        5,
        6,
        7,
        8,
        9,
        10
      ],
      "defaultValue": 2,
      "metadata": {
        "description": "application gateway instance count"
      }
    },
    "frontendPort": {
      "type": "int",
      "defaultValue": 80,
      "metadata": {
        "description": "application gateway front end port"
      }
    },
    "backendPort": {
      "type": "int",
      "defaultValue": 80,
      "metadata": {
        "description": "application gateway back end port"
      }
    },
    "backendIPAddresses": {
      "type": "array",
      "defaultValue": [
        {
          "IpAddress": "10.0.0.4"
        },
        {
          "IpAddress": "10.0.0.5"
        }
      ],
      "metadata": {
        "description": "back end pool ip addresses"
      }
    },
    "cookieBasedAffinity": {
      "type": "string",
      "allowedValues": [
        "Enabled",
        "Disabled"
      ],
      "defaultValue": "Disabled",
      "metadata": {
        "description": "cookie based affinity"
      }
    }
  },
  "variables": {
    "aagPublicIPAddressName": "application-gateway-pip",
    "aagPublicIPRef": "[resourceId('Microsoft.Network/publicIPAddresses', variables('aagPublicIPAddressName'))]",
    "vnetID": "[resourceId('Microsoft.Network/virtualNetworks', parameters('virtualNetworkName'))]",
    "gatewaySubnetRef": "[concat(variables('vnetID'),'/subnets/','GatewaySubnet')]",
    "aagSubnetRef": "[concat(variables('vnetID'),'/subnets/','ApplicationGatewaySubnet')]",
    "applicationGatewayID": "[resourceId('Microsoft.Network/applicationGateways',parameters('applicationGatewayName'))]",
    "api-version": "2015-06-15"
  },
  "resources": [
    {
      "apiVersion": "[variables('api-version')]",
      "type": "Microsoft.Network/localNetworkGateways",
      "name": "[parameters('localGatewayName')]",
      "location": "[resourceGroup().location]",
      "properties": {
        "localNetworkAddressSpace": {
          "addressPrefixes": [
            "[parameters('localAddressPrefix')]"
          ]
        },
        "gatewayIpAddress": "[parameters('localGatewayIpAddress')]"
      }
    },
    {
      "apiVersion": "[variables('api-version')]",
      "name": "[parameters('connectionName')]",
      "type": "Microsoft.Network/connections",
      "location": "[resourceGroup().location]",
      "dependsOn": [
        "[concat('Microsoft.Network/virtualNetworkGateways/', parameters('gatewayName'))]",
        "[concat('Microsoft.Network/localNetworkGateways/', parameters('localGatewayName'))]"
      ],
      "properties": {
        "virtualNetworkGateway1": {
          "id": "[resourceId('Microsoft.Network/virtualNetworkGateways', parameters('gatewayName'))]"
        },
        "localNetworkGateway2": {
          "id": "[resourceId('Microsoft.Network/localNetworkGateways', parameters('localGatewayName'))]"
        },
        "connectionType": "IPsec",
        "routingWeight": 10,
        "sharedKey": "[parameters('sharedKey')]"
      }
    },
    {
      "apiVersion": "[variables('api-version')]",
      "type": "Microsoft.Network/virtualNetworks",
      "name": "[parameters('virtualNetworkName')]",
      "location": "[resourceGroup().location]",
      "properties": {
        "addressSpace": {
          "addressPrefixes": [
            "[parameters('azureVNetAddressPrefix')]"
          ]
        },
        "subnets": [
          {
            "name": "GatewaySubnet",
            "properties": {
              "addressPrefix": "10.0.255.224/27"
            }
          },
          {
            "name": "web",
            "properties": {
              "addressPrefix": "10.0.1.0/24"
            }
          },
          {
            "name": "biz",
            "properties": {
              "addressPrefix": "10.0.2.0/24"
            }
          },
          {
            "name": "data",
            "properties": {
              "addressPrefix": "10.0.3.0/24"
            }
          },
          {
            "name": "adds",
            "properties": {
              "addressPrefix": "10.0.4.0/27"
            }
          },
          {
            "name": "ApplicationGatewaySubnet",
            "properties": {
              "addressPrefix": "10.0.254.224/29"
            }
          }
        ],
        "dnsServers": [
          "10.0.4.4",
          "10.0.4.5",
          "168.63.129.16"
        ]
      }
    },
    {
      "apiVersion": "[variables('api-version')]",
      "type": "Microsoft.Network/publicIPAddresses",
      "name": "[parameters('gatewayPublicIPName')]",
      "location": "[resourceGroup().location]",
      "properties": {
        "publicIPAllocationMethod": "Dynamic"
      }
    },
    {
      "apiVersion": "[variables('api-version')]",
      "type": "Microsoft.Network/virtualNetworkGateways",
      "name": "[parameters('gatewayName')]",
      "location": "[resourceGroup().location]",
      "dependsOn": [
        "[concat('Microsoft.Network/publicIPAddresses/', parameters('gatewayPublicIPName'))]",
        "[concat('Microsoft.Network/virtualNetworks/', parameters('virtualNetworkName'))]"
      ],
      "properties": {
        "ipConfigurations": [
          {
            "properties": {
              "privateIPAllocationMethod": "Dynamic",
              "subnet": {
                "id": "[variables('gatewaySubnetRef')]"
              },
              "publicIPAddress": {
                "id": "[resourceId('Microsoft.Network/publicIPAddresses',parameters('gatewayPublicIPName'))]"
              }
            },
            "name": "vnetGatewayConfig"
          }
        ],
        "sku": {
          "name": "[parameters('gatewaySku')]",
          "tier": "[parameters('gatewaySku')]"
        },
        "gatewayType": "Vpn",
        "vpnType": "[parameters('vpnType')]",
        "enableBgp": "false"
      }
    },
    {
      "apiVersion": "[variables('api-version')]",
      "type": "Microsoft.Network/publicIPAddresses",
      "name": "[variables('aagPublicIPAddressName')]",
      "location": "[resourceGroup().location]",
      "properties": {
        "publicIPAllocationMethod": "Dynamic"
      }
    },
    {
      "apiVersion": "[variables('api-version')]",
      "name": "[parameters('applicationGatewayName')]",
      "type": "Microsoft.Network/applicationGateways",
      "location": "[resourceGroup().location]",
      "dependsOn": [
        "[concat('Microsoft.Network/virtualNetworks/', parameters('virtualNetworkName'))]",
        "[concat('Microsoft.Network/publicIPAddresses/', variables('aagPublicIPAddressName'))]"
      ],
      "properties": {
        "sku": {
            "name": "[parameters('applicationGatewaySize')]",
            "tier": "Standard",
            "capacity": "[parameters('applicationGatewayInstanceCount')]"
          },
          "gatewayIPConfigurations": [
            {
              "name": "appGatewayIpConfig",
              "properties": {
                "subnet": {
                  "id": "[variables('aagSubnetRef')]"
                }
              }
            }
          ],
          "frontendIPConfigurations": [
            {
              "name": "appGatewayFrontendIP",
              "properties": {
                "PublicIPAddress": {
                  "id": "[variables('aagPublicIPRef')]"
                }
              }
            }
          ],
          "frontendPorts": [
            {
              "name": "appGatewayFrontendPort",
              "properties": {
                "Port": "[parameters('frontendPort')]"
              }
            }
          ],
          "backendAddressPools": [
            {
              "name": "appGatewayBackendPool",
              "properties": {
                "BackendAddresses": "[parameters('backendIPAddresses')]"
              }
            }
          ],
          "backendHttpSettingsCollection": [
            {
              "name": "appGatewayBackendHttpSettings",
              "properties": {
                "Port": "[parameters('backendPort')]",
                "Protocol": "Http",
                "CookieBasedAffinity": "[parameters('cookieBasedAffinity')]"
              }
            }
          ],
          "httpListeners": [
            {
              "name": "appGatewayHttpListener",
              "properties": {
                "FrontendIPConfiguration": {
                  "Id": "[concat(variables('applicationGatewayID'), '/frontendIPConfigurations/appGatewayFrontendIP')]"
                },
                "FrontendPort": {
                  "Id": "[concat(variables('applicationGatewayID'), '/frontendPorts/appGatewayFrontendPort')]"
                },
                "Protocol": "Http",
                "SslCertificate": null
              }
            }
          ],
          "requestRoutingRules": [
            {
              "Name": "rule1",
              "properties": {
                "RuleType": "Basic",
                "httpListener": {
                  "id": "[concat(variables('applicationGatewayID'), '/httpListeners/appGatewayHttpListener')]"
                },
                "backendAddressPool": {
                  "id": "[concat(variables('applicationGatewayID'), '/backendAddressPools/appGatewayBackendPool')]"
                },
                "backendHttpSettings": {
                  "id": "[concat(variables('applicationGatewayID'), '/backendHttpSettingsCollection/appGatewayBackendHttpSettings')]"
                }
              }
            }
          ]
        }
    }
  ]
}