﻿{
  "$schema": "http://schema.management.azure.com/schemas/2015-01-01/deploymentTemplate.json#",
  "contentVersion": "1.0.0.0",
  "parameters": {
    "deploymentContext": {
      "type": "object",
      "defaultValue": {
        "parentTemplateUniqueString": ""
      }
    },
    "virtualNetworkSettings": {
      "type": "object"
    },
    "networkSecurityGroupSettings": {
      "type": "object"
    }
  },
  "variables": {
    "templateUniqueString": "[uniqueString(concat(string(parameters('deploymentContext')), string(parameters('virtualNetworkSettings')), string(parameters('networkSecurityGroupSettings'))))]",
    "networkSecurityGroupName": "[parameters('networkSecurityGroupSettings').name]",
    "subnets": "[parameters('networkSecurityGroupSettings').subnets]",
    "networkInterfaces": "[parameters('networkSecurityGroupSettings').networkInterfaces]",
    "networkSecurityGroupSecurityRules": "[parameters('networkSecurityGroupSettings').securityRules]",
    "collectorTemplate": "[uri(deployment().properties.templateLink.uri, '../../common/collector.json')]",
    "nsgRulesTemplateName": "[concat(parameters('deploymentContext').parentTemplateUniqueString, '-rules-', variables('templateUniqueString'))]",
    "subnetsTemplateName": "[concat(parameters('deploymentContext').parentTemplateUniqueString, '-subnets-', variables('templateUniqueString'))]",
    "networkInterfacesTemplateName": "[concat(parameters('deploymentContext').parentTemplateUniqueString, '-nics-', variables('templateUniqueString'))]",
    "subnetsTemplates": [
      "[uri(deployment().properties.templateLink.uri, 'networkSecurityGroup-nop.json')]",
      "[uri(deployment().properties.templateLink.uri, 'networkSecurityGroup-subnets.json')]"
    ],
    "networkInterfacesTemplates": [
      "[uri(deployment().properties.templateLink.uri, 'networkSecurityGroup-nop.json')]",
      "[uri(deployment().properties.templateLink.uri, 'networkSecurityGroup-networkInterfaces.json')]"
    ],
    "subnetsTemplate": "[variables('subnetsTemplates')[mod(add(length(variables('subnets')), 2), add(length(variables('subnets')), 1))]]",
    "networkInterfacesTemplate": "[variables('networkInterfacesTemplates')[mod(add(length(variables('networkInterfaces')), 2), add(length(variables('networkInterfaces')), 1))]]"
  },
  "resources": [
    {
      "type": "Microsoft.Resources/deployments",
      "apiVersion": "2015-01-01",
      "name": "[variables('nsgRulesTemplateName')]",
      "properties": {
        "mode": "Incremental",
        "templateLink": { "uri": "[variables('collectorTemplate')]" },
        "parameters": {
          "deploymentContext": {
            "value": {
              "parentTemplateUniqueString": "[concat(variables('templateUniqueString') , '-rules')]"
            }
          },
          "source": {
            "value": "[variables('networkSecurityGroupSecurityRules')]"
          },
          "context": {
            "value": { }
          },
          "mapperTemplateUri": {
            "value": "[uri(deployment().properties.templateLink.uri, 'networkSecurityGroup-securityRules.json')]"
          }
        }
      }
    },
    {
      "type": "Microsoft.Network/networkSecurityGroups",
      "name": "[variables('networkSecurityGroupName')]",
      "apiVersion": "2015-06-15",
      "location": "[resourceGroup().location]",
      "properties": {
        "securityRules": "[reference(variables('nsgRulesTemplateName')).outputs.result.value]"
      }
    },
    {
      "type": "Microsoft.Resources/deployments",
      "apiVersion": "2015-01-01",
      "name": "[variables('subnetsTemplateName')]",
      "dependsOn": [
        "[variables('networkSecurityGroupName')]"
      ],
      "properties": {
        "mode": "Incremental",
        "templateLink": {
          "uri": "[variables('subnetsTemplate')]"
        },
        "parameters": {
          "deploymentContext": {
            "value": {
              "parentTemplateUniqueString": "[concat(variables('templateUniqueString') , '-subnets')]"
            }
          },
          "virtualNetworkSettings": {
            "value": "[parameters('virtualNetworkSettings')]"
          },
          "networkSecurityGroupSettings": {
            "value": "[parameters('networkSecurityGroupSettings')]"
          }
        }
      }
    },
    {
      "type": "Microsoft.Resources/deployments",
      "apiVersion": "2015-01-01",
      "name": "[variables('networkInterfacesTemplateName')]",
      "dependsOn": [
        "[variables('subnetsTemplateName')]"
      ],
      "properties": {
        "mode": "Incremental",
        "templateLink": {
          "uri": "[variables('networkInterfacesTemplate')]"
        },
        "parameters": {
          "deploymentContext": {
            "value": {
              "parentTemplateUniqueString": "[concat(variables('templateUniqueString') , '-nics')]"
            }
          },
          "virtualNetworkSettings": {
            "value": "[parameters('virtualNetworkSettings')]"
          },
          "networkSecurityGroupSettings": {
            "value": "[parameters('networkSecurityGroupSettings')]"
          }
        }
      }
    }
  ],
  "outputs": {
  }
}
