﻿{
  "$schema": "http://schema.management.azure.com/schemas/2015-01-01/deploymentParameters.json#",
  "contentVersion": "1.0.0.0",
  "parameters": {
    "virtualMachinesSettings": {
      "value": {
        "namePrefix": "bb-dev",
        "computerNamePrefix": "bb-dev",
        "size": "Standard_DS4_v2",
        "osType": "windows",
        "adminUsername": "testuser",
        "adminPassword": "AweS0me@PW",
        "osAuthenticationType": "password",
        "nics": [
          {
            "isPublic": "true",
            "subnetName": "web",
            "privateIPAllocationMethod": "Static",
            "publicIPAllocationMethod": "Dynamic",
            "startingIPAddress": "10.0.1.240",
            "enableIPForwarding": true,
            "domainNameLabelPrefix": "bb-dev-dns",
            "dnsServers": [
            ],
            "isPrimary": "true"
          },
          {
            "isPublic": "false",
            "subnetName": "biz",
            "privateIPAllocationMethod": "Dynamic",
            "enableIPForwarding": false,
            "domainNameLabelPrefix": "",
            "dnsServers": [
            ],
            "isPrimary": "false"
          },
          {
            "isPublic": "false",
            "subnetName": "data",
            "privateIPAllocationMethod": "Static",
            "startingIPAddress": "10.0.3.240",
            "enableIPForwarding": false,
            "domainNameLabelPrefix": "",
            "dnsServers": [
            ],
            "isPrimary": "false"
          }
        ],
        "imageReference": {
          "publisher": "MicrosoftWindowsServer",
          "offer": "WindowsServer",
          "sku": "2012-R2-Datacenter",
          "version": "latest"
        },
        "dataDisks": {
          "count": 2,
          "properties": {
            "diskSizeGB": 127,
            "caching": "None",
            "createOption": "Empty"
          }
        },
        "osDisk": {
          "caching": "ReadWrite"
        },
        "extensions": [
          {
            "name": "IaaSAntimalware",
            "publisher": "Microsoft.Azure.Security",
            "type": "IaaSAntimalware",
            "typeHandlerVersion": "1.3",
            "autoUpgradeMinorVersion": true,
            "settingsConfigMapperUri": "https://raw.githubusercontent.com/mspnp/template-building-blocks/master/templates/resources/Microsoft.Compute/virtualMachines/extensions/vm-extension-passthrough-settings-mapper.json",
            "settingsConfig": {
              "AntimalwareEnabled": true,
              "RealtimeProtectionEnabled": "false",
              "ScheduledScanSettings": {
                "isEnabled": "false",
                "day": "7",
                "time": "120",
                "scanType": "Quick"
              },
              "Exclusions": {
                "Extensions": ".gif",
                "Paths": "c:\\test",
                "Processes": "test.exe"
              }
            },
            "protectedSettingsConfig": { }
          },
          {
            "name": "malware",
            "publisher": "Symantec",
            "type": "SymantecEndpointProtection",
            "typeHandlerVersion": "12.1",
            "autoUpgradeMinorVersion": true,
            "settingsConfigMapperUri": "https://raw.githubusercontent.com/mspnp/template-building-blocks/master/templates/resources/Microsoft.Compute/virtualMachines/extensions/vm-extension-passthrough-settings-mapper.json",
            "settingsConfig": {
            },
            "protectedSettingsConfig": { }
          }

        ],
        "availabilitySet": {
          "useExistingAvailabilitySet": "No",
          "name": "bb-dev-as"
        }
      }
    },
    "virtualNetworkSettings": {
      "value": {
        "name": "bb-dev-vnet",
        "resourceGroup": "bb-dev-rg"
      }
    },
    "buildingBlockSettings": {
      "value": {
        "storageAccountsCount": 2,
        "vmCount": 2,
        "vmStartIndex": 1
      }
    }
  }
}
