﻿{
  "$schema": "http://schema.management.azure.com/schemas/2015-01-01/deploymentParameters.json#",
  "contentVersion": "1.0.0.0",
  "parameters": {
    "loadBalancerSettings": {
      "value": {
        "name": "bb-dev-web-lb",
        "frontendIPConfigurations": [
          {
            "name": "bb-dev-lbfe1",
            "domainNameLabel": "bb-dev-web-dns",
            "loadBalancerType": "public"
          }
        ],
        "loadBalancingRules": [
          {
            "name": "lbr1",
            "frontendPort": 80,
            "backendPort": 80,
            "protocol": "Tcp",
            "backendPoolName": "lb-bep1",
            "frontendIPConfigurationName": "bb-dev-lbfe1",
            "enableFloatingIP": false,
            "probeName": "lbp1"
          }
        ],
        "probes": [
          {
            "name": "lbp1",
            "port": 80,
            "protocol": "Http",
            "requestPath": "/"
          }
        ],
        "backendPools": [
          {
            "name": "lb-bep1",
            "nicIndex": 0
          }
        ],
        "inboundNatRules": [ ]
      }
    },
    "virtualMachinesSettings": {
      "value": {
        "namePrefix": "bb-dev-web",
        "computerNamePrefix": "bb-dev-web",
        "size": "Standard_DS2_v2",
        "osType": "windows",
        "adminUsername": "testuser",
        "adminPassword": "AweS0me@PW",
        "osAuthenticationType": "password",
        "nics": [
          {
            "isPublic": "false",
            "subnetName": "web",
            "privateIPAllocationMethod": "Static",
            "startingIPAddress": "10.0.1.101",
            "enableIPForwarding": false,
            "domainNameLabelPrefix": "",
            "dnsServers": [
            ],
            "isPrimary": "true"
          }
        ],
        "imageReference": {
          "publisher": "MicrosoftWindowsServer",
          "offer": "WindowsServer",
          "sku": "2012-R2-Datacenter",
          "version": "latest"
        },
        "dataDisks": {
          "count": 1,
          "properties": {
            "diskSizeGB": 127,
            "caching": "None",
            "createOption": "Empty"
          }
        },
        "osDisk": {
          "caching": "ReadWrite"
        },
        "extensions": [
          {
            "name": "iis-config-ext",
            "settingsConfigMapperUri": "https://raw.githubusercontent.com/mspnp/template-building-blocks/master/templates/resources/Microsoft.Compute/virtualMachines/extensions/vm-extension-passthrough-settings-mapper.json",
            "publisher": "Microsoft.Powershell",
            "type": "DSC",
            "typeHandlerVersion": "2.20",
            "autoUpgradeMinorVersion": true,
            "settingsConfig": {
              "modulesUrl": "https://raw.githubusercontent.com/mspnp/reference-architectures/master/ra-multi-vm-extend/guidance-compute-multi-vm/extensions/windows/iisaspnet.ps1.zip",
              "configurationFunction": "iisaspnet.ps1\\iisaspnet"
            },
            "protectedSettingsConfig": { }
          }
        ],
        "availabilitySet": {
          "useExistingAvailabilitySet": "No",
          "name": "bb-dev-lb-as"
        }
      },
      "metadata": {
        "description": "Settings for Virtual Machines"
      }
    },
    "virtualNetworkSettings": {
      "value": {
        "name": "bb-dev-vnet",
        "resourceGroup": "bb-dev-rg"
      },
      "metadata": {
        "description": "Infrastructure Settings"
      }
    },
    "buildingBlockSettings": {
      "value": {
        "storageAccountsCount": 2,
        "vmCount": 3,
        "vmStartIndex": 1
      },
      "metadata": {
        "description": "Settings specific to the building block"
      }
    }
  }
}
