﻿{
  "$schema": "http://schema.management.azure.com/schemas/2015-01-01/deploymentParameters.json#",
  "contentVersion": "1.0.0.0",
  "parameters": {
    "virtualMachinesSettings": {
      "value": {
        "namePrefix": "ra-sap-jumpbox",
        "computerNamePrefix": "jumpbox",
        "size": "Standard_DS1_v2",
        "adminUsername": "testuser",
        "adminPassword": "AweS0me@PW",
        "osType": "windows",
        "osAuthenticationType": "password",
        "sshPublicKey": "",
        "nics": [
          {
            "isPublic": "true",
            "isPrimary": "true",
            "subnetName": "MgmtSubnet",
            "privateIPAllocationMethod": "dynamic",
            "publicIPAllocationMethod": "static",
            "enableIPForwarding": false,
            "domainNameLabelPrefix": "",
            "dnsServers": [ 
              "10.0.4.4",
              "10.0.4.5"
            ]
          }
        ],
        "imageReference": {
          "publisher": "MicrosoftWindowsServer",
          "offer": "WindowsServer",
          "sku": "2012-R2-Datacenter",
          "version": "latest"
        },
        "dataDisks": {
          "count": 0,
          "properties": {
            "diskSizeGB": 128,
            "caching": "None",
            "createOption": "Empty"
          }
        },
        "osDisk": {
          "caching": "ReadWrite"
        },
        "extensions": [ ],
        "availabilitySet": {
          "useExistingAvailabilitySet": "No",
          "name": ""
        }
      }
    },
    "virtualNetworkSettings": {
      "value": {
        "name": "ra-sap-hana-vnet",
        "resourceGroup": "sap-hana-infrastructure"
      }
    },
    "buildingBlockSettings": {
      "value": {
        "storageAccountsCount": 1,
        "vmCount": 1,
        "vmStartIndex": 1
      }
    }
  }
}

