﻿{
  "$schema": "http://schema.management.azure.com/schemas/2015-01-01/deploymentParameters.json#",
  "contentVersion": "1.0.0.0",
  "parameters": {
    "virtualMachinesSettings": {
      "value": {
        "namePrefix": "sap-hana",
        "computerNamePrefix": "sap-hana",
        "size": "Standard_GS5",
        "adminUsername": "testuser",
        "adminPassword": "AweS0me@PW",
        "osType": "linux",
        "osAuthenticationType": "password",
        "sshPublicKey": "",
        "nics": [
          {
            "isPublic": "false",
            "isPrimary": "true",
            "subnetName": "SAPDataSubnet",
            "privateIPAllocationMethod": "static",
            "startingIPAddress": "10.0.2.15",
            "publicIPAllocationMethod": "static",
            "enableIPForwarding": false,
            "domainNameLabelPrefix": "",
            "dnsServers": [
              "10.0.4.4",
              "10.0.4.5"
            ]
          },
          {
            "isPublic": "false",
            "isPrimary": "false",
            "subnetName": "MgmtSubnet",
            "privateIPAllocationMethod": "static",
            "startingIPAddress": "10.0.3.15",
            "publicIPAllocationMethod": "static",
            "enableIPForwarding": false,
            "domainNameLabelPrefix": "",
            "dnsServers": [
              "10.0.4.4",
              "10.0.4.5"
            ]
          }
        ],
        "imageReference": {
          "publisher": "SUSE",
          "offer": "SLES-Priority",
          "sku": "12-SP2",
          "version": "latest"
        },
        "dataDisks": {
          "count": 2,
          "properties": {
            "diskSizeGB": 1023,
            "caching": "None",
            "createOption": "Empty"
          }
        },
        "osDisk": {
          "caching": "ReadWrite"
        },
        "extensions": [],
        "availabilitySet": {
          "useExistingAvailabilitySet": "No",
          "name": ""
        }
      }
    },
    "virtualNetworkSettings": {
      "value": {
        "name": "ra-sap-hana-vnet",
        "resourceGroup": "sap-hana-infrastructure"
      }
    },
    "buildingBlockSettings": {
      "value": {
        "storageAccountsCount": 1,
        "vmCount": 1,
        "vmStartIndex": 1
      }
    }
  }
}