﻿{
  "$schema": "http://schema.management.azure.com/schemas/2015-01-01/deploymentParameters.json#",
  "contentVersion": "1.0.0.0",
  "parameters": {
    "loadBalancerSettings": {
      "value": {
        "name": "sap-scs-lb",
        "frontendIPConfigurations": [
          {
            "name": "sap-scs-lb-fe-config",
            "loadBalancerType": "internal",
            "domainNameLabel": "",
            "internalLoadBalancerSettings": {
              "privateIPAddress": "10.0.1.249",
              "subnetName": "SAPAppsSubnet"
            }
          }
        ],
        "loadBalancingRules": [
          {
            "name": "abapMsgServer",
            "frontendPort": 3600,
            "backendPort": 3600,
            "protocol": "Tcp",
            "backendPoolName": "backend-pool",
            "frontendIPConfigurationName": "sap-scs-lb-fe-config",
            "probeName": "healthProbe",
            "enableFloatingIP": false
          },
          {
            "name": "enqueuRepl",
            "frontendPort": 50016,
            "backendPort": 50016,
            "protocol": "Tcp",
            "backendPoolName": "backend-pool",
            "frontendIPConfigurationName": "sap-scs-lb-fe-config",
            "probeName": "healthProbe",
            "enableFloatingIP": false
          },
          {
            "name": "enqueueServer",
            "frontendPort": 3200,
            "backendPort": 3200,
            "protocol": "Tcp",
            "backendPoolName": "backend-pool",
            "frontendIPConfigurationName": "sap-scs-lb-fe-config",
            "probeName": "healthProbe",
            "enableFloatingIP": false
          },
          {
            "name": "fileShare",
            "frontendPort": 445,
            "backendPort": 445,
            "protocol": "Tcp",
            "backendPoolName": "backend-pool",
            "frontendIPConfigurationName": "sap-scs-lb-fe-config",
            "probeName": "healthProbe",
            "enableFloatingIP": false
          },
          {
            "name": "internalAbapMsg",
            "frontendPort": 3900,
            "backendPort": 3900,
            "protocol": "Tcp",
            "backendPoolName": "backend-pool",
            "frontendIPConfigurationName": "sap-scs-lb-fe-config",
            "probeName": "healthProbe",
            "enableFloatingIP": false
          },
          {
            "name": "httpMsgServer",
            "frontendPort": 8100,
            "backendPort": 8100,
            "protocol": "Tcp",
            "backendPoolName": "backend-pool",
            "frontendIPConfigurationName": "sap-scs-lb-fe-config",
            "probeName": "healthProbe",
            "enableFloatingIP": false
          },
          {
            "name": "httpSapStartAscs",
            "frontendPort": 50013,
            "backendPort": 50013,
            "protocol": "Tcp",
            "backendPoolName": "backend-pool",
            "frontendIPConfigurationName": "sap-scs-lb-fe-config",
            "probeName": "healthProbe",
            "enableFloatingIP": false
          },
          {
            "name": "httpsSaptartAscs",
            "frontendPort": 50014,
            "backendPort": 50014,
            "protocol": "Tcp",
            "backendPoolName": "backend-pool",
            "frontendIPConfigurationName": "sap-scs-lb-fe-config",
            "probeName": "healthProbe",
            "enableFloatingIP": false
          },
          {
            "name": "httpSapStarter",
            "frontendPort": 51013,
            "backendPort": 51013,
            "protocol": "Tcp",
            "backendPoolName": "backend-pool",
            "frontendIPConfigurationName": "sap-scs-lb-fe-config",
            "probeName": "healthProbe",
            "enableFloatingIP": false
          },
          {
            "name": "httpsSapStarter",
            "frontendPort": 51014,
            "backendPort": 51014,
            "protocol": "Tcp",
            "backendPoolName": "backend-pool",
            "frontendIPConfigurationName": "sap-scs-lb-fe-config",
            "probeName": "healthProbe",
            "enableFloatingIP": false
          },
          {
            "name": "winRm",
            "frontendPort": 5985,
            "backendPort": 5985,
            "protocol": "Tcp",
            "backendPoolName": "backend-pool",
            "frontendIPConfigurationName": "sap-scs-lb-fe-config",
            "probeName": "healthProbe",
            "enableFloatingIP": false
          }
        ],
        "probes": [
          {
            "name": "healthProbe",
            "port": 59999,
            "protocol": "Tcp",
            "requestPath": null
          }
        ],
        "backendPools": [
          {
            "name": "backend-pool",
            "nicIndex": 0
          }
        ],
        "inboundNatRules": []
      }
    },
    "virtualMachinesSettings": {
      "value": {
        "namePrefix": "sap-scs",
        "computerNamePrefix": "sap-scs",
        "size": "Standard_DS11_v2",
        "adminUsername": "testuser",
        "adminPassword": "AweS0me@PW",
        "osType": "windows",
        "osAuthenticationType": "password",
        "sshPublicKey": "",
        "nics": [
          {
            "isPublic": "false",
            "isPrimary": "true",
            "subnetName": "SAPAppsSubnet",
            "privateIPAllocationMethod": "static",
            "startingIPAddress": "10.0.1.5",
            "enableIPForwarding": false,
            "domainNameLabelPrefix": "",
            "dnsServers": [
              "10.0.4.4",
              "10.0.4.5"
            ]
          },
          {
            "isPublic": "false",
            "isPrimary": "false",
            "subnetName": "MgmtSubnet",
            "privateIPAllocationMethod": "static",
            "startingIPAddress": "10.0.3.5",
            "enableIPForwarding": false,
            "domainNameLabelPrefix": "",
            "dnsServers": [
              "10.0.4.4",
              "10.0.4.5"
            ]
          }
        ],
        "imageReference": {
          "publisher": "MicrosoftWindowsServer",
          "offer": "WindowsServer",
          "sku": "2012-R2-Datacenter",
          "version": "latest"
        },
        "dataDisks": {
          "count": 1,
          "properties": {
            "diskSizeGB": 1023,
            "caching": "None",
            "createOption": "Empty"
          }
        },
        "osDisk": {
          "caching": "ReadWrite"
        },
        "extensions": [
          {
            "name": "join-ad-domain",
            "publisher": "Microsoft.Compute",
            "type": "JsonADDomainExtension",
            "typeHandlerVersion": "1.3",
            "autoUpgradeMinorVersion": true,
            "settingsConfigMapperUri": "https://raw.githubusercontent.com/mspnp/template-building-blocks/v1.0.0/templates/resources/Microsoft.Compute/virtualMachines/extensions/vm-extension-passthrough-settings-mapper.json",
            "settingsConfig": {
              "Name": "contoso.com",
              "OUPath": "",
              "User": "contoso.com\\testuser",
              "Restart": true,
              "Options": 3
            },
            "protectedSettingsConfig": {
              "Password": "AweS0me@PW"
            }
          },
          {
            "name": "PrepareWSFC",
            "publisher": "Microsoft.Powershell",
            "type": "DSC",
            "typeHandlerVersion": "2.16",
            "autoUpgradeMinorVersion": false,
            "settingsConfigMapperUri": "https://raw.githubusercontent.com/mspnp/template-building-blocks/v1.0.0/templates/resources/Microsoft.Compute/virtualMachines/extensions/vm-extension-passthrough-settings-mapper.json",
            "settingsConfig": {
              "modulesURL": "https://raw.githubusercontent.com/mspnp/reference-architectures/master/sap/sap-hana/extensions/PrepareWSFC.ps1.zip",
              "configurationFunction": "PrepareWSFC.ps1\\PrepareWSFC",
              "properties": {}
            },
            "protectedSettingsConfig": {
              "items": {
                "adminPassword": "AweS0me@PW"
              }
            }
          }
        ],
        "availabilitySet": {
          "useExistingAvailabilitySet": "No",
          "name": "sap-centralsvc-as"
        }
      }
    },
    "virtualNetworkSettings": {
      "value": {
        "name": "ra-sap-hana-vnet",
        "resourceGroup": "sap-hana-infrastructure"
      }
    },
    "buildingBlockSettings": {
      "value": {
        "storageAccountsCount": 1,
        "vmCount": 2,
        "vmStartIndex": 1
      }
    }
  }
}