﻿{
  "$schema": "http://schema.management.azure.com/schemas/2015-01-01/deploymentParameters.json#",
  "contentVersion": "1.0.0.0",
  "parameters": {
    "virtualNetworkSettings": {
      "value": {
        "name": "ra-sap-hana-vnet",
        "addressPrefixes": [
          "10.0.0.0/16"
        ],
        "subnets": [
          {
            "name": "GatewaySubnet",
            "addressPrefix": "10.0.255.224/27"
          },
          {
            "name": "SAPAppsSubnet",
            "addressPrefix": "10.0.1.0/24"
          },
          {
            "name": "SAPDataSubnet",
            "addressPrefix": "10.0.2.0/24"
          },
          {
            "name": "MgmtSubnet",
            "addressPrefix": "10.0.3.0/24"
          },
          {
            "name": "ADSubnet",
            "addressPrefix": "10.0.4.0/27"
          }
        ],
        "dnsServers": []
      }
    }
  }
}