﻿{
  "$schema": "http://schema.management.azure.com/schemas/2015-01-01/deploymentTemplate.json#",
  "contentVersion": "1.0.0.0",
  "parameters": {
    "deploymentContext": { "type": "object" },
    "source": { "type": "object" },
    "context": { "type": "object" },
    "state": {
      "type": "array",
      "defaultValue": [ ]
    },
    "iteration": {
      "type": "int",
      "defaultValue": 0
    }
  },
  "variables": {
    "templateUniqueString": "[uniqueString(concat(string(parameters('deploymentContext')), string(parameters('source')), string(parameters('context')), string(parameters('state')), parameters('iteration')))]",
    "publicIpAddressName": "[concat(parameters('source').name, '-pip')]",
    "pipDeploymentName": "[concat(parameters('deploymentContext').parentTemplateUniqueString, '-pip-', variables('templateUniqueString'))]",
    "pipTemplate": "[uri(deployment().properties.templateLink.uri, '../publicIPAddresses/publicIPAddress.json')]",
    "instance": [
      {
        "name": "[parameters('source').name]",
        "properties": {
          "privateIPAllocationMethod": "Dynamic",
          "publicIPAddress": { "id": "[resourceId('Microsoft.Network/publicIPAddresses', variables('publicIpAddressName'))]" }
        }
      }
    ]
  },
  "resources": [
    {
      "type": "Microsoft.Resources/deployments",
      "apiVersion": "2015-01-01",
      "name": "[variables('pipDeploymentName')]",
      "properties": {
        "mode": "Incremental",
        "templateLink": { "uri": "[variables('pipTemplate')]" },
        "parameters": {
          "deploymentContext": {
            "value": {
              "parentTemplateUniqueString": "[concat(variables('templateUniqueString') , '-pip')]"
            }
          },
          "name": { "value": "[variables('publicIpAddressName')]" },
          "publicIPAllocationMethod": { "value": "Static" },
          "domainNameLabel": { "value": "[parameters('source').domainNameLabel]" }
        }
      }
    }
  ],
  "outputs": {
    "collection": {
      "type": "array",
      "value": "[variables('instance')]"
    }
  }
}
