﻿{
  "$schema": "http://schema.management.azure.com/schemas/2015-01-01/deploymentTemplate.json#",
  "contentVersion": "1.0.0.0",
  "parameters": {
    "deploymentContext": { "type": "object" },
    "source": { "type": "object" },
    "context": { "type": "object" },
    "state": {
      "type": "array",
      "defaultValue": [ ]
    },
    "iteration": {
      "type": "int",
      "defaultValue": 0
    }
  },
  "variables": {
    "instance": [
      {
        "name": "[parameters('source').name]",
        "properties": {
          "privateIPAllocationMethod": "Static",
          "privateIPAddress": "[parameters('source').internalLoadBalancerSettings.privateIPAddress]",
          "subnet": { "id": "[resourceId(parameters('context').virtualNetworkSettings.resourceGroup, 'Microsoft.Network/virtualNetworks/subnets', parameters('context').virtualNetworkSettings.name, parameters('source').internalLoadBalancerSettings.subnetName)]" }
        }
      }
    ]
  },
  "resources": [],
  "outputs": {
    "collection": {
      "type": "array",
      "value": "[variables('instance')]"
    }
  }
}
