﻿{
  "$schema": "http://schema.management.azure.com/schemas/2015-01-01/deploymentTemplate.json#",
  "contentVersion": "1.0.0.0",
  "parameters": {
    "deploymentContext": { "type": "object" },
    "source": { "type": "object" },
    "context": { "type": "object" },
    "state": {
      "type": "array",
      "defaultValue": [ ]
    },
    "iteration": {
      "type": "int",
      "defaultValue": 0
    }
  },
  "variables": {
    "templateUniqueString": "[uniqueString(concat(string(parameters('deploymentContext')), string(parameters('source')), string(parameters('context')), string(parameters('state')), parameters('iteration')))]",

    "natRuleTypeTemplates": {
      "all": "[uri(deployment().properties.templateLink.uri, 'lb-nic-natRuleArray-processTypeAll.json')]",
      "single": "[uri(deployment().properties.templateLink.uri, 'lb-nic-natRuleArray-update.json')]",
      "floatingip": "[uri(deployment().properties.templateLink.uri, 'lb-nic-natRuleArray-update.json')]"
    },
    "deploymentTemplateName": "[concat(parameters('deploymentContext').parentTemplateUniqueString, '-rule', parameters('iteration'), '-', variables('templateUniqueString'))]"
  },
  "resources": [
    {
      "type": "Microsoft.Resources/deployments",
      "apiVersion": "2015-01-01",
      "name": "[variables('deploymentTemplateName')]",
      "properties": {
        "mode": "Incremental",
        "templateLink": { "uri": "[variables('natRuleTypeTemplates')[tolower(parameters('source').natRuleType)]]" },
        "parameters": {
          "deploymentContext": {
            "value": {
              "parentTemplateUniqueString": "[concat(variables('templateUniqueString'), '-rule', parameters('iteration'))]"
            }
          },
          "source": { "value": "[parameters('source')]" },
          "context": { "value": "[parameters('context')]" },
          "state": { "value": "[parameters('state')]" },
          "iteration": { "value": "[parameters('iteration')]" }
        }
      }
    }
  ],
  "outputs": {
    "collection": {
      "type": "array",
      "value": "[reference(variables('deploymentTemplateName')).outputs.collection.value]"
    }
  }
}
