﻿{
  "$schema": "http://schema.management.azure.com/schemas/2015-01-01/deploymentTemplate.json#",
  "contentVersion": "1.0.0.0",
  "parameters": {
    "deploymentContext": { "type": "object" },
    "nicReference": { "type": "object" },
    "loadBalancerBackendAddressPools": { "type": "array" },
    "loadBalancerNatRules": { "type": "array" }
  },
  "variables": {
    "templateUniqueString": "[uniqueString(concat(string(parameters('deploymentContext')), string(parameters('nicReference'))))]",
    "referenceTemplate": "[uri(deployment().properties.templateLink.uri, '../../common/reference-one-parameter.json')]"
  },
  "resources": [
    {
      "type": "Microsoft.Network/networkInterfaces",
      "apiVersion": "2016-03-30",
      "name": "[parameters('nicReference').name]",
      "location": "[resourceGroup().location]",
      "properties": {
        "ipConfigurations": [
          {
            "name": "[parameters('nicReference').properties.ipConfigurations[0].name]",
            "properties": {
              "privateIPAddress": "[parameters('nicReference').properties.ipConfigurations[0].properties.privateIPAddress]",
              "privateIPAllocationMethod": "[parameters('nicReference').properties.ipConfigurations[0].properties.privateIPAllocationMethod]",
              "subnet": "[parameters('nicReference').properties.ipConfigurations[0].properties.subnet]",
              "primary": "[parameters('nicReference').properties.ipConfigurations[0].properties.primary]",
              "loadBalancerBackendAddressPools": "[parameters('loadBalancerBackendAddressPools')]",
              "loadBalancerInboundNatRules": "[parameters('loadBalancerNatRules')]"
            }
          }
        ],
        "dnsSettings": "[parameters('nicReference').properties.dnsSettings]",
        "enableIPForwarding": "[parameters('nicReference').properties.enableIPForwarding]",
        "primary": "[parameters('nicReference').properties.primary]"
      }
    }
  ],
  "outputs": {
  }
}
