﻿{
  "$schema": "http://schema.management.azure.com/schemas/2015-01-01/deploymentTemplate.json#",
  "contentVersion": "1.0.0.0",
  "parameters": {
    "deploymentContext": { "type": "object" },
    "virtualMachinesSettings": { "type": "object" },
    "vmStartIndex": { "type": "int" },
    "vmCount": { "type": "int" },
    "loadBalancerBackendAddressPools": { "type": "array" },
    "loadBalancerNatRules": { "type": "array" },
    "vmIndex": { "type": "int" },
    "vnetName": { "type": "string" }
  },
  "variables": {
    "templateUniqueString": "[uniqueString(concat(string(parameters('deploymentContext')), string(parameters('virtualMachinesSettings')), parameters('vmStartIndex'), parameters('vmCount'), string(parameters('loadBalancerBackendAddressPools')), string(parameters('loadBalancerNatRules')), parameters('vmIndex'), parameters('vnetName')))]",
    "referenceTemplate": "[uri(deployment().properties.templateLink.uri, '../../common/reference-one-parameter.json')]",
    "nicCount": "[length(parameters('virtualMachinesSettings').nics)]",
    "updateNicsTemplate": {
      "true": "[uri(deployment().properties.templateLink.uri, 'lb-update-public-nic-backendPools.json')]",
      "false": "[uri(deployment().properties.templateLink.uri, 'lb-update-internal-nic-backendPools.json')]"
    }
  },
  "resources": [
    {
      "type": "Microsoft.Resources/deployments",
      "apiVersion": "2015-01-01",
      "name": "[concat(parameters('deploymentContext').parentTemplateUniqueString, '-vm', parameters('vmIndex'), 'Nic', copyindex(1), 'Ref-', variables('templateUniqueString'))]",
      "copy": {
        "name": "VmNics-reference-iterator",
        "count": "[variables('nicCount')]"
      },
      "properties": {
        "mode": "Incremental",
        "templateLink": {
          "uri": "[variables('referenceTemplate')]"
        },
        "parameters": {
          "deploymentContext": {
            "value": {
              "parentTemplateUniqueString": "[concat(variables('templateUniqueString'), '-vm', parameters('vmIndex'), 'Nic', copyindex(1), 'Ref')]"
            }
          },
          "subscription": {
            "value": "[subscription().subscriptionId]"
          },
          "resourceGroup": {
            "value": "[resourceGroup().name]"
          },
          "resourceType": {
            "value": "Microsoft.Network/networkInterfaces"
          },
          "resourceName1": {
            "value": "[concat(parameters('virtualMachinesSettings').namePrefix, '-vm', parameters('vmIndex'), '-nic', copyindex(1))]"
          }
        }
      }
    },
    {
      "type": "Microsoft.Resources/deployments",
      "apiVersion": "2015-01-01",
      "name": "[concat(parameters('deploymentContext').parentTemplateUniqueString, '-vm', parameters('vmIndex'), 'Nic0-', variables('templateUniqueString'))]",
      "properties": {
        "mode": "Incremental",
        "parameters": { },
        "template": {
          "$schema": "http://schema.management.azure.com/schemas/2015-01-01/deploymentTemplate.json#",
          "contentVersion": "1.0.0.0",
          "parameters": { },
          "variables": { },
          "resources": [ ],
          "outputs": { }
        }
      }
    },
    {
      "type": "Microsoft.Resources/deployments",
      "apiVersion": "2015-01-01",
      "name": "[concat(parameters('deploymentContext').parentTemplateUniqueString, '-vm', parameters('vmIndex'), 'Nic', copyindex(1), '-', variables('templateUniqueString'))]",
      "copy": {
        "name": "NicCount",
        "count": "[variables('nicCount')]"
      },
      "dependsOn": [
        "[concat(parameters('deploymentContext').parentTemplateUniqueString, '-vm', parameters('vmIndex'), 'Nic', copyindex(), '-', variables('templateUniqueString'))]"
      ],
      "properties": {
        "mode": "Incremental",
        "templateLink": { "uri": "[variables('updateNicsTemplate')[parameters('virtualMachinesSettings').nics[copyindex()].isPublic]]" },
        "parameters": {
          "deploymentContext": {
            "value": {
              "parentTemplateUniqueString": "[concat(variables('templateUniqueString'), '-vm', parameters('vmIndex'), 'Nic', copyindex(1))]"
            }
          },
          "nicReference": { "value": "[reference(concat(parameters('deploymentContext').parentTemplateUniqueString, '-vm', parameters('vmIndex'), 'Nic', copyindex(1), 'Ref-', variables('templateUniqueString'))).outputs.reference.value]" },
          "loadBalancerBackendAddressPools": { "value": "[parameters('loadBalancerBackendAddressPools')[copyindex()]]" },
          "loadBalancerNatRules": { "value": "[parameters('loadBalancerNatRules')[add(mul(sub(parameters('vmIndex'), parameters('vmStartIndex')), variables('nicCount')), copyindex())]]" }
        }
      }
    }
  ],
  "outputs": {
  }
}
