﻿{
  "$schema": "http://schema.management.azure.com/schemas/2015-01-01/deploymentTemplate.json#",
  "contentVersion": "1.0.0.0",
  "parameters": {
    "deploymentContext": {
      "type": "object",
      "defaultValue": {
        "parentTemplateUniqueString": "bbLB"
      }
    },
    "loadBalancerSettings": {
      "type": "object",
      "metadata": {
        "description": "Settings for infrastructure"
      }
    },
    "virtualNetworkSettings": {
      "type": "object",
      "metadata": {
        "description": "Settings for virtual network"
      }
    },
    "buildingBlockSettings": {
      "type": "object",
      "metadata": {
        "description": "Settings for building block"
      }
    }
  },
  "variables": {
    "templateUniqueString": "[uniqueString(concat(string(parameters('deploymentContext')), string(parameters('loadBalancerSettings')), string(parameters('virtualNetworkSettings'))))]",
    "location": "[resourceGroup().location]",
    "lbName": "[parameters('loadBalancerSettings').name]",
    "backendPoolName": "[concat(variables('lbName'), '-bep1')]",
    "internalLoadBalancer": {
      "name": "[variables('lbName')]",
      "id": "[resourceId('Microsoft.Network/loadBalancers', variables('lbName'))]"
    },
    "collectorTemplate": "[uri(deployment().properties.templateLink.uri, '../../common/collector.json')]",

    "feIPConfigurationTemplate": "[concat(parameters('deploymentContext').parentTemplateUniqueString, '-lbFeIPConfigs-', variables('templateUniqueString'))]",
    "lbRulesTemplate": "[concat(parameters('deploymentContext').parentTemplateUniqueString, '-lbRules-', variables('templateUniqueString'))]",
    "probeTemplate": "[concat(parameters('deploymentContext').parentTemplateUniqueString, '-lbProbes-', variables('templateUniqueString'))]",
    "backendPoolTemplate": "[concat(parameters('deploymentContext').parentTemplateUniqueString, '-lbBeps-', variables('templateUniqueString'))]",
    "natRulesTemplate": "[concat(parameters('deploymentContext').parentTemplateUniqueString, '-lbNatRules-', variables('templateUniqueString'))]"
  },
  "resources": [
    {
      "type": "Microsoft.Resources/deployments",
      "apiVersion": "2015-01-01",
      "name": "[variables('feIPConfigurationTemplate')]",
      "properties": {
        "mode": "Incremental",
        "templateLink": { "uri": "[variables('collectorTemplate')]" },
        "parameters": {
          "deploymentContext": {
            "value": {
              "parentTemplateUniqueString": "[concat(variables('templateUniqueString') , '-lbFeIPConfigs')]"
            }
          },
          "source": { "value": "[parameters('loadBalancerSettings').frontendIPConfigurations]" },
          "context": {
            "value": {
              "loadBalancerName": "[variables('internalLoadBalancer').name]",
              "virtualNetworkSettings": "[parameters('virtualNetworkSettings')]"
            }
          },
          "mapperTemplateUri": { "value": "[uri(deployment().properties.templateLink.uri, 'lb-frontendIPConfiguration-settings.json')]" }
        }
      }
    },
    {
      "type": "Microsoft.Resources/deployments",
      "apiVersion": "2015-01-01",
      "name": "[variables('lbRulesTemplate')]",
      "properties": {
        "mode": "Incremental",
        "templateLink": { "uri": "[variables('collectorTemplate')]" },
        "parameters": {
          "deploymentContext": {
            "value": {
              "parentTemplateUniqueString": "[concat(variables('templateUniqueString') , '-lbRules')]"
            }
          },
          "source": { "value": "[parameters('loadBalancerSettings').loadBalancingRules]" },
          "context": {
            "value": {
              "loadBalancerName": "[variables('internalLoadBalancer').name]"
            }
          },
          "mapperTemplateUri": { "value": "[uri(deployment().properties.templateLink.uri, 'lb-loadBalancingRules.json')]" }
        }
      }
    },
    {
      "type": "Microsoft.Resources/deployments",
      "apiVersion": "2015-01-01",
      "name": "[variables('probeTemplate')]",
      "properties": {
        "mode": "Incremental",
        "templateLink": { "uri": "[variables('collectorTemplate')]" },
        "parameters": {
          "deploymentContext": {
            "value": {
              "parentTemplateUniqueString": "[concat(variables('templateUniqueString') , '-lbProbes')]"
            }
          },
          "source": { "value": "[parameters('loadBalancerSettings').probes]" },
          "context": { "value": { } },
          "mapperTemplateUri": { "value": "[uri(deployment().properties.templateLink.uri, 'lb-probes.json')]" }
        }
      }
    },
    {
      "type": "Microsoft.Resources/deployments",
      "apiVersion": "2015-01-01",
      "name": "[variables('backendPoolTemplate')]",
      "properties": {
        "mode": "Incremental",
        "templateLink": { "uri": "[variables('collectorTemplate')]" },
        "parameters": {
          "deploymentContext": {
            "value": {
              "parentTemplateUniqueString": "[concat(variables('templateUniqueString') , '-lbBeps')]"
            }
          },
          "source": { "value": "[parameters('loadBalancerSettings').backendPools]" },
          "context": { "value": { } },
          "mapperTemplateUri": { "value": "[uri(deployment().properties.templateLink.uri, 'lb-backendPools.json')]" }
        }
      }
    },
    {
      "type": "Microsoft.Resources/deployments",
      "apiVersion": "2015-01-01",
      "name": "[variables('natRulesTemplate')]",
      "properties": {
        "mode": "Incremental",
        "templateLink": { "uri": "[variables('collectorTemplate')]" },
        "parameters": {
          "deploymentContext": {
            "value": {
              "parentTemplateUniqueString": "[concat(variables('templateUniqueString') , '-lbNatRules')]"
            }
          },
          "source": { "value": "[parameters('loadBalancerSettings').inboundNatRules]" },
          "context": {
            "value": {
              "loadBalancerName": "[variables('internalLoadBalancer').name]",
              "buildingBlockSettings": "[parameters('buildingBlockSettings')]"
            }
          },
          "mapperTemplateUri": { "value": "[uri(deployment().properties.templateLink.uri, 'lb-inboundNatRules.json')]" }
        }
      }
    },
    {
      "type": "Microsoft.Network/loadBalancers",
      "apiVersion": "2016-03-30",
      "location": "[variables('location')]",
      "name": "[variables('internalLoadBalancer').name]",
      "properties": {
        "frontendIPConfigurations": "[reference(variables('feIPConfigurationTemplate')).outputs.result.value]",
        "backendAddressPools": "[reference(variables('backendPoolTemplate')).outputs.result.value]",
        "loadBalancingRules": "[reference(variables('lbRulesTemplate')).outputs.result.value]",
        "probes": "[reference(variables('probeTemplate')).outputs.result.value]",
        "inboundNatRules": "[reference(variables('natRulesTemplate')).outputs.result.value]"
      }
    }
  ],
  "outputs": {

  }
}
